,SUPPLIER_CODE,ITEM_CODE,CERTIFICATIONS
0,VD101149,KUD1577,"['Australia', 'Europe', 'Asia', 'Canada', 'US', 'India']"
1,VD101149,KUD1784,"['India', 'Australia']"
2,VD101149,KUD2726,['Asia']
3,VD101149,KUD4331,['Global Certification']
4,VD101149,KUD4388,"['Asia', 'Canada', 'Europe', 'US', 'Australia']"
5,VD101149,KUD5344,['US']
6,VD101149,KUD5455,"['Europe', 'Australia']"
7,VD101149,KUD6706,"['US', 'Canada', 'Europe', 'India', 'Australia', 'Asia']"
8,VD101149,KUD6868,"['Europe', 'Australia', 'India', 'Canada', 'Asia', 'US']"
9,VD101149,KUD7607,['Global Certification']
10,VD101149,KUD8242,"['US', 'Europe', 'Asia', 'Australia', 'Canada']"
11,VD101149,KUD8645,"['US', 'India', 'Canada', 'Europe', 'Asia']"
12,VD101149,KUD8979,"['India', 'US', 'Europe']"
13,VD101149,KUD9033,"['India', 'Asia', 'Europe', 'Canada', 'Australia']"
14,VD101149,KUD9762,"['India', 'Australia']"
15,VD122239,KIN2113,"['India', 'Canada']"
16,VD122239,KIN2143,"['India', 'Canada', 'Australia']"
17,VD122239,KIN4191,"['Asia', 'Europe']"
18,VD122239,KIN4528,"['US', 'Asia', 'India', 'Europe', 'Australia', 'Canada']"
19,VD122239,KIN4586,['Europe']
20,VD122239,KIN5528,['Australia']
21,VD122239,KIN5550,"['Canada', 'India', 'US', 'Asia', 'Australia', 'Europe']"
22,VD122239,KIN7114,"['US', 'India', 'Europe']"
23,VD122239,KIN7981,"['Asia', 'Europe', 'Canada', 'US']"
24,VD122239,KIN8029,"['Canada', 'Australia', 'Europe']"
25,VD122239,KIN8142,"['US', 'Europe', 'India', 'Asia']"
26,VD122239,KIN8298,['Europe']
27,VD122239,KIN8886,"['Asia', 'US', 'Europe', 'Australia']"
28,VD122239,KIN8988,"['Australia', 'India', 'Canada', 'Europe', 'US']"
29,VD122239,KIN9140,"['Asia', 'Europe', 'US', 'India', 'Australia', 'Canada']"
30,VD124316,ONY1272,"['Europe', 'Asia']"
31,VD124316,ONY2582,"['Canada', 'India', 'Asia']"
32,VD124316,ONY2892,"['Europe', 'US']"
33,VD124316,ONY3435,"['Asia', 'US', 'Europe']"
34,VD124316,ONY4978,"['US', 'India']"
35,VD124316,ONY5287,"['Asia', 'Australia', 'Europe', 'India']"
36,VD124316,ONY5823,"['Asia', 'Australia', 'India', 'Europe', 'Canada']"
37,VD124316,ONY7059,"['Canada', 'Asia', 'India', 'Australia']"
38,VD124316,ONY7380,"['US', 'Canada', 'Australia', 'India']"
39,VD124316,ONY7540,"['Australia', 'Canada', 'Europe', 'Asia', 'US', 'India']"
40,VD124316,ONY8870,['Global Certification']
41,VD124316,ONY9235,"['India', 'Canada', 'Europe', 'US', 'Asia', 'Australia']"
42,VD124316,ONY9411,['US']
43,VD124316,ONY9477,"['US', 'Europe']"
44,VD124316,ONY9783,"['Europe', 'Australia', 'US', 'India']"
45,VD148207,FIN1442,"['India', 'Australia', 'Europe']"
46,VD148207,FIN1628,"['Canada', 'Australia']"
47,VD148207,FIN1920,"['Europe', 'Asia', 'Australia', 'US', 'Canada', 'India']"
48,VD148207,FIN2290,['Australia']
49,VD148207,FIN5141,['Australia']
50,VD148207,FIN5762,"['Asia', 'Australia', 'Europe', 'India', 'US', 'Canada']"
51,VD148207,FIN6024,"['Europe', 'Canada', 'Asia', 'Australia', 'US', 'India']"
52,VD148207,FIN7192,"['India', 'Europe', 'Canada', 'Asia']"
53,VD148207,FIN7374,['Asia']
54,VD148207,FIN8485,"['Canada', 'Australia', 'Asia', 'India', 'Europe']"
55,VD148207,FIN8609,"['Canada', 'India', 'Australia', 'Europe', 'US', 'Asia']"
56,VD148207,FIN8980,"['India', 'Asia', 'Canada', 'US']"
57,VD148207,FIN9233,"['Australia', 'India', 'Asia', 'Canada', 'Europe']"
58,VD148207,FIN9576,"['Australia', 'US', 'Asia']"
59,VD148207,FIN9747,"['India', 'US', 'Canada', 'Australia', 'Europe', 'Asia']"
60,VD151132,SUG1044,"['Canada', 'India', 'Asia', 'US', 'Europe', 'Australia']"
61,VD151132,SUG1182,"['Australia', 'Asia']"
62,VD151132,SUG1914,"['India', 'US']"
63,VD151132,SUG2259,"['Australia', 'US', 'Asia', 'Canada', 'India']"
64,VD151132,SUG2288,['India']
65,VD151132,SUG2739,['Australia']
66,VD151132,SUG3807,"['Canada', 'US', 'India', 'Asia']"
67,VD151132,SUG4400,"['Europe', 'Australia', 'Canada', 'Asia']"
68,VD151132,SUG5204,"['Australia', 'Europe', 'Asia']"
69,VD151132,SUG5453,"['Asia', 'Australia']"
70,VD151132,SUG5717,"['US', 'Asia', 'Australia', 'Canada', 'Europe', 'India']"
71,VD151132,SUG7172,"['Canada', 'US']"
72,VD151132,SUG7937,"['Canada', 'Australia', 'Europe']"
73,VD151132,SUG8650,"['Asia', 'India', 'Australia']"
74,VD151132,SUG9557,['Europe']
75,VD155065,COG1129,"['Australia', 'Europe', 'US', 'Canada', 'India', 'Asia']"
76,VD155065,COG1141,"['Canada', 'India', 'Asia', 'Australia']"
77,VD155065,COG1385,"['Australia', 'US']"
78,VD155065,COG1741,"['US', 'Canada', 'Europe']"
79,VD155065,COG2245,"['Canada', 'Europe', 'India', 'US']"
80,VD155065,COG2594,"['Europe', 'Asia', 'US', 'Australia']"
81,VD155065,COG3063,"['US', 'Australia', 'India', 'Europe']"
82,VD155065,COG3571,['Global Certification']
83,VD155065,COG3691,"['US', 'India', 'Asia', 'Australia', 'Europe', 'Canada']"
84,VD155065,COG4712,['Global Certification']
85,VD155065,COG4820,"['US', 'India', 'Asia', 'Europe', 'Canada', 'Australia']"
86,VD155065,COG6402,"['US', 'Australia', 'Asia']"
87,VD155065,COG7189,"['India', 'Australia', 'US', 'Canada', 'Asia']"
88,VD155065,COG9169,"['India', 'Canada', 'Europe']"
89,VD155065,COG9492,"['Canada', 'Australia', 'Europe', 'Asia', 'India', 'US']"
90,VD164810,DIA1096,"['India', 'Australia', 'US']"
91,VD164810,DIA1986,['India']
92,VD164810,DIA3311,['Europe']
93,VD164810,DIA3718,"['Asia', 'Canada', 'India', 'US']"
94,VD164810,DIA3756,"['Asia', 'US', 'Australia', 'India', 'Canada', 'Europe']"
95,VD164810,DIA3994,"['Europe', 'India', 'Canada']"
96,VD164810,DIA4573,"['Asia', 'Canada', 'Europe', 'India', 'US']"
97,VD164810,DIA6090,"['US', 'Canada', 'Asia', 'Australia']"
98,VD164810,DIA6360,"['Asia', 'US', 'India', 'Canada']"
99,VD164810,DIA6793,"['Australia', 'Asia', 'US', 'Canada', 'India', 'Europe']"
100,VD164810,DIA6843,"['US', 'Asia', 'Europe', 'Australia']"
101,VD164810,DIA6844,"['Europe', 'Asia', 'India']"
102,VD164810,DIA8176,"['Europe', 'Canada', 'India', 'Asia']"
103,VD164810,DIA9407,"['Canada', 'Europe', 'US', 'Asia', 'India']"
104,VD164810,DIA9821,"['Canada', 'Europe', 'Asia', 'India', 'Australia']"
105,VD184670,SHR2481,"['Asia', 'Canada', 'Europe', 'Australia', 'US']"
106,VD184670,SHR2482,"['Europe', 'Asia', 'Canada', 'US', 'Australia', 'India']"
107,VD184670,SHR2556,['Asia']
108,VD184670,SHR2645,"['Asia', 'Europe']"
109,VD184670,SHR3541,"['Asia', 'Europe', 'India', 'Canada', 'Australia', 'US']"
110,VD184670,SHR3714,"['US', 'Canada', 'India', 'Europe', 'Asia']"
111,VD184670,SHR3716,"['Australia', 'Asia']"
112,VD184670,SHR3933,['Asia']
113,VD184670,SHR4456,['Australia']
114,VD184670,SHR5246,"['US', 'Asia', 'India']"
115,VD184670,SHR5493,"['Australia', 'Asia', 'Canada', 'India']"
116,VD184670,SHR8416,"['India', 'Europe', 'Australia', 'US']"
117,VD184670,SHR8849,"['Canada', 'Europe', 'US', 'India', 'Australia']"
118,VD184670,SHR9661,['Asia']
119,VD184670,SHR9784,"['Australia', 'India']"
120,VD208434,ITO1528,"['Asia', 'Australia', 'Canada', 'India']"
121,VD208434,ITO1536,"['Asia', 'Canada', 'Australia', 'US']"
122,VD208434,ITO1550,"['India', 'Canada', 'US', 'Australia', 'Europe']"
123,VD208434,ITO2503,"['Europe', 'US', 'Asia']"
124,VD208434,ITO2560,"['Australia', 'Europe', 'Asia', 'India', 'Canada', 'US']"
125,VD208434,ITO3397,"['Europe', 'Asia', 'India', 'Canada']"
126,VD208434,ITO4710,"['India', 'Canada', 'Asia', 'US', 'Europe']"
127,VD208434,ITO4921,['Canada']
128,VD208434,ITO5557,['Canada']
129,VD208434,ITO6302,"['India', 'US', 'Canada', 'Asia', 'Europe', 'Australia']"
130,VD208434,ITO6614,"['Canada', 'US', 'India', 'Australia']"
131,VD208434,ITO7103,"['US', 'Asia', 'Australia']"
132,VD208434,ITO8127,"['India', 'Europe', 'Canada', 'Australia']"
133,VD208434,ITO9078,"['US', 'Australia']"
134,VD208434,ITO9845,"['India', 'Asia', 'Europe', 'US', 'Australia', 'Canada']"
135,VD253587,ROB1079,"['Canada', 'US', 'Europe', 'Asia', 'Australia', 'India']"
136,VD253587,ROB1106,"['India', 'Europe', 'Asia', 'US']"
137,VD253587,ROB1228,"['US', 'Europe', 'Canada', 'India', 'Australia']"
138,VD253587,ROB3102,"['Canada', 'US', 'Asia']"
139,VD253587,ROB3130,"['US', 'Europe', 'Asia', 'India']"
140,VD253587,ROB4675,['US']
141,VD253587,ROB4678,"['India', 'Canada']"
142,VD253587,ROB4774,"['US', 'Australia', 'Asia']"
143,VD253587,ROB5107,"['US', 'Asia', 'Europe', 'India']"
144,VD253587,ROB5501,"['India', 'Europe', 'Canada', 'US', 'Asia']"
145,VD253587,ROB5873,"['India', 'Asia', 'Canada', 'US', 'Europe']"
146,VD253587,ROB5909,['US']
147,VD253587,ROB6188,"['Australia', 'Europe', 'Asia', 'Canada', 'US', 'India']"
148,VD253587,ROB7123,['Global Certification']
149,VD253587,ROB9276,"['Asia', 'Canada', 'US', 'India', 'Australia', 'Europe']"
150,VD255262,FES1133,"['Australia', 'Europe']"
151,VD255262,FES2462,['Europe']
152,VD255262,FES3542,"['US', 'Australia', 'Canada', 'Europe']"
153,VD255262,FES3896,"['India', 'Canada', 'US', 'Asia']"
154,VD255262,FES4046,"['India', 'Europe', 'US']"
155,VD255262,FES5736,['Asia']
156,VD255262,FES7455,"['Canada', 'Australia', 'US']"
157,VD255262,FES8573,"['Asia', 'Australia', 'Europe', 'India']"
158,VD255262,FES8717,['Australia']
159,VD255262,FES8739,['Australia']
160,VD255262,FES8772,"['Asia', 'Australia', 'Europe', 'India', 'US', 'Canada']"
161,VD255262,FES9371,['Global Certification']
162,VD255262,FES9505,"['US', 'Asia', 'Canada', 'India', 'Europe']"
163,VD255262,FES9536,['Global Certification']
164,VD255262,FES9963,"['Canada', 'India']"
165,VD266286,ULT1414,"['Canada', 'India', 'US', 'Asia', 'Europe']"
166,VD266286,ULT1839,"['Asia', 'India']"
167,VD266286,ULT2595,"['Europe', 'Asia', 'Australia']"
168,VD266286,ULT2713,"['Canada', 'Asia', 'India', 'Australia']"
169,VD266286,ULT2907,['Australia']
170,VD266286,ULT3500,"['Asia', 'Australia']"
171,VD266286,ULT3855,"['India', 'Europe']"
172,VD266286,ULT4866,"['India', 'Canada', 'US', 'Asia']"
173,VD266286,ULT5166,"['US', 'Europe', 'Australia', 'Canada', 'India', 'Asia']"
174,VD266286,ULT5712,"['Europe', 'Canada', 'India', 'US', 'Australia']"
175,VD266286,ULT6397,"['Asia', 'Canada', 'India']"
176,VD266286,ULT6530,"['Australia', 'Canada', 'US']"
177,VD266286,ULT6779,"['Canada', 'Europe', 'Asia', 'Australia']"
178,VD266286,ULT7707,"['Europe', 'US', 'India', 'Canada', 'Australia', 'Asia']"
179,VD266286,ULT8865,"['Asia', 'Canada', 'Australia', 'US']"
180,VD268662,IDE1411,"['Europe', 'India', 'US', 'Canada', 'Australia', 'Asia']"
181,VD268662,IDE1618,['Australia']
182,VD268662,IDE2601,"['US', 'Canada', 'Asia', 'Australia', 'India']"
183,VD268662,IDE2741,"['India', 'Europe']"
184,VD268662,IDE3386,"['Asia', 'India', 'Canada', 'US']"
185,VD268662,IDE3735,['Australia']
186,VD268662,IDE3905,"['Europe', 'Australia', 'US', 'Canada', 'Asia']"
187,VD268662,IDE6466,"['Australia', 'Europe', 'Canada']"
188,VD268662,IDE6770,"['US', 'India', 'Europe']"
189,VD268662,IDE7031,['India']
190,VD268662,IDE7578,"['Europe', 'India', 'Canada', 'Asia', 'US', 'Australia']"
191,VD268662,IDE7914,"['US', 'India']"
192,VD268662,IDE8628,['Australia']
193,VD268662,IDE9260,"['Australia', 'Europe', 'Asia']"
194,VD268662,IDE9607,"['Europe', 'Australia']"
195,VD299466,SAN1450,"['US', 'Europe', 'Australia']"
196,VD299466,SAN2239,"['US', 'Canada', 'Asia']"
197,VD299466,SAN3895,"['Asia', 'US', 'India']"
198,VD299466,SAN4462,['Asia']
199,VD299466,SAN4895,['India']
200,VD299466,SAN5238,"['India', 'US', 'Europe', 'Canada', 'Australia', 'Asia']"
201,VD299466,SAN5661,"['India', 'Australia', 'Canada', 'US', 'Asia']"
202,VD299466,SAN6389,['Europe']
203,VD299466,SAN6549,"['Australia', 'Asia', 'India', 'US', 'Canada']"
204,VD299466,SAN6597,"['Canada', 'US', 'Europe']"
205,VD299466,SAN6602,"['Canada', 'Europe', 'India', 'Asia', 'Australia', 'US']"
206,VD299466,SAN7110,"['US', 'India']"
207,VD299466,SAN7120,"['Canada', 'US', 'Australia']"
208,VD299466,SAN8440,"['US', 'Canada', 'Asia', 'India', 'Australia', 'Europe']"
209,VD299466,SAN9983,['Canada']
210,VD304767,SM 1771,"['India', 'Australia', 'Asia', 'US', 'Canada']"
211,VD304767,SM 2791,"['Europe', 'Canada', 'Australia', 'India', 'US']"
212,VD304767,SM 3026,"['US', 'Asia', 'Europe', 'Canada', 'India']"
213,VD304767,SM 3408,"['Australia', 'Europe']"
214,VD304767,SM 3576,"['Asia', 'Europe', 'US', 'Canada', 'Australia']"
215,VD304767,SM 3869,"['US', 'Canada']"
216,VD304767,SM 4225,['US']
217,VD304767,SM 4236,"['India', 'Australia', 'Asia', 'Canada', 'US', 'Europe']"
218,VD304767,SM 4415,"['Australia', 'Canada', 'Asia', 'India', 'Europe', 'US']"
219,VD304767,SM 5160,"['India', 'Asia', 'Canada', 'Australia', 'US', 'Europe']"
220,VD304767,SM 8245,"['Canada', 'US']"
221,VD304767,SM 9101,"['Australia', 'Canada', 'Asia']"
222,VD304767,SM 9271,"['India', 'Canada', 'Asia', 'Europe']"
223,VD304767,SM 9607,"['Europe', 'Asia', 'Australia', 'Canada', 'US']"
224,VD304767,SM 9868,['Australia']
225,VD305839,TEC1055,"['India', 'US', 'Canada']"
226,VD305839,TEC1747,"['Australia', 'Europe', 'Canada']"
227,VD305839,TEC1998,"['Europe', 'Canada']"
228,VD305839,TEC4562,"['Asia', 'India', 'Australia', 'Europe']"
229,VD305839,TEC5029,"['Canada', 'Asia', 'US', 'Australia']"
230,VD305839,TEC5675,"['India', 'Australia', 'US', 'Asia', 'Europe']"
231,VD305839,TEC6560,"['Europe', 'India', 'Asia']"
232,VD305839,TEC6585,['US']
233,VD305839,TEC7125,"['Australia', 'US', 'India']"
234,VD305839,TEC7243,"['Australia', 'Canada', 'Europe', 'India']"
235,VD305839,TEC8267,"['Europe', 'US', 'Australia', 'Asia']"
236,VD305839,TEC8269,"['Canada', 'Asia']"
237,VD305839,TEC8354,"['US', 'India', 'Canada', 'Australia', 'Asia']"
238,VD305839,TEC8869,"['Europe', 'India', 'Canada', 'Australia', 'US']"
239,VD305839,TEC9069,['Global Certification']
240,VD314370,TAC2316,"['Australia', 'US', 'India']"
241,VD314370,TAC2650,"['India', 'Asia', 'Canada', 'US', 'Australia', 'Europe']"
242,VD314370,TAC2751,"['Asia', 'Australia', 'Europe']"
243,VD314370,TAC2964,"['Europe', 'India', 'Asia', 'Canada']"
244,VD314370,TAC3041,"['Australia', 'India']"
245,VD314370,TAC3729,['Global Certification']
246,VD314370,TAC3971,['Canada']
247,VD314370,TAC4551,"['Australia', 'Europe', 'India']"
248,VD314370,TAC5205,"['US', 'Europe', 'Canada', 'India']"
249,VD314370,TAC5546,['Global Certification']
250,VD314370,TAC6160,"['Europe', 'India']"
251,VD314370,TAC6403,"['Canada', 'India', 'Europe']"
252,VD314370,TAC7486,"['Canada', 'Australia', 'US']"
253,VD314370,TAC7957,['Australia']
254,VD314370,TAC9070,"['India', 'US', 'Canada']"
255,VD342382,SIC1208,"['Asia', 'Australia']"
256,VD342382,SIC1362,['Asia']
257,VD342382,SIC1971,"['Europe', 'Canada', 'US', 'Australia', 'India']"
258,VD342382,SIC2279,['Australia']
259,VD342382,SIC2428,['India']
260,VD342382,SIC2486,"['Australia', 'Asia', 'India']"
261,VD342382,SIC3358,"['Europe', 'India', 'US', 'Canada']"
262,VD342382,SIC4379,"['Australia', 'Europe']"
263,VD342382,SIC4522,"['Asia', 'India', 'Europe', 'Canada', 'US', 'Australia']"
264,VD342382,SIC5964,"['US', 'Asia', 'Australia']"
265,VD342382,SIC6097,"['US', 'Canada', 'Europe', 'India', 'Asia']"
266,VD342382,SIC6519,"['Asia', 'US', 'Europe']"
267,VD342382,SIC6574,"['Canada', 'Australia', 'Europe', 'US', 'Asia']"
268,VD342382,SIC9215,"['Europe', 'Australia', 'India', 'Asia']"
269,VD342382,SIC9227,"['US', 'Asia', 'India', 'Europe', 'Canada', 'Australia']"
270,VD345905,SD 1044,"['Canada', 'Australia']"
271,VD345905,SD 1152,['Europe']
272,VD345905,SD 1800,['Asia']
273,VD345905,SD 1821,"['Australia', 'US', 'Asia']"
274,VD345905,SD 2452,"['Canada', 'Europe']"
275,VD345905,SD 2762,"['Asia', 'US']"
276,VD345905,SD 3061,"['Australia', 'Canada', 'Asia', 'US']"
277,VD345905,SD 3685,"['US', 'Europe']"
278,VD345905,SD 5470,"['India', 'Asia', 'Europe', 'Australia', 'US']"
279,VD345905,SD 5794,"['Asia', 'Canada', 'India', 'US', 'Australia', 'Europe']"
280,VD345905,SD 5830,"['Europe', 'Asia', 'India', 'Australia', 'US', 'Canada']"
281,VD345905,SD 6384,"['Asia', 'India']"
282,VD345905,SD 8247,"['India', 'Europe', 'US', 'Canada', 'Asia', 'Australia']"
283,VD345905,SD 8513,['Asia']
284,VD345905,SD 9712,"['Asia', 'Australia']"
285,VD357174,SON1241,"['Asia', 'Australia']"
286,VD357174,SON1600,['Asia']
287,VD357174,SON3558,"['Asia', 'Australia', 'Europe', 'Canada', 'US']"
288,VD357174,SON4226,"['Australia', 'US', 'Canada', 'India']"
289,VD357174,SON4528,"['Australia', 'Europe', 'India', 'US', 'Canada', 'Asia']"
290,VD357174,SON4927,"['US', 'Asia']"
291,VD357174,SON5260,"['Australia', 'India']"
292,VD357174,SON5346,"['US', 'India', 'Asia', 'Australia', 'Europe']"
293,VD357174,SON6652,['Global Certification']
294,VD357174,SON6839,"['Asia', 'Australia', 'US', 'Canada', 'Europe', 'India']"
295,VD357174,SON8098,"['Canada', 'US', 'India', 'Australia', 'Asia', 'Europe']"
296,VD357174,SON8275,['India']
297,VD357174,SON8531,"['Europe', 'India', 'Australia', 'Asia', 'Canada', 'US']"
298,VD357174,SON9022,"['Canada', 'US', 'Australia', 'India', 'Asia']"
299,VD357174,SON9220,"['Europe', 'Canada', 'Australia']"
300,VD361486,BHL1710,"['Canada', 'US']"
301,VD361486,BHL2609,"['Australia', 'India']"
302,VD361486,BHL3839,"['US', 'Canada']"
303,VD361486,BHL3997,"['US', 'Australia', 'Europe', 'Canada', 'India']"
304,VD361486,BHL5543,"['Australia', 'Asia', 'Canada', 'India', 'Europe']"
305,VD361486,BHL6146,['Australia']
306,VD361486,BHL6200,"['Europe', 'Australia', 'US', 'Asia', 'Canada', 'India']"
307,VD361486,BHL6301,"['US', 'Canada', 'Europe', 'India']"
308,VD361486,BHL6498,['Canada']
309,VD361486,BHL6752,['Australia']
310,VD361486,BHL8920,"['US', 'Asia', 'Australia', 'India']"
311,VD361486,BHL9100,['India']
312,VD361486,BHL9168,"['Asia', 'Canada']"
313,VD361486,BHL9427,"['US', 'Europe', 'Canada']"
314,VD361486,BHL9776,"['US', 'India', 'Canada', 'Australia']"
315,VD366534,MET1130,"['Canada', 'India', 'Europe', 'Australia']"
316,VD366534,MET1524,['Australia']
317,VD366534,MET1921,['US']
318,VD366534,MET2538,"['US', 'Europe', 'Australia', 'India', 'Asia', 'Canada']"
319,VD366534,MET4702,"['India', 'US', 'Canada', 'Europe', 'Australia', 'Asia']"
320,VD366534,MET4877,"['Europe', 'Australia']"
321,VD366534,MET5078,['Global Certification']
322,VD366534,MET5242,['Europe']
323,VD366534,MET5940,"['India', 'US', 'Australia', 'Canada']"
324,VD366534,MET6013,['Global Certification']
325,VD366534,MET7567,"['Australia', 'Canada', 'Asia', 'India', 'Europe', 'US']"
326,VD366534,MET7900,"['Asia', 'Europe', 'Canada', 'Australia']"
327,VD366534,MET8054,"['India', 'Australia', 'Asia', 'US', 'Canada', 'Europe']"
328,VD366534,MET9217,"['Canada', 'India']"
329,VD366534,MET9315,"['India', 'Australia', 'US']"
330,VD369278,M.A1068,"['Asia', 'Europe']"
331,VD369278,M.A1841,"['Asia', 'Australia', 'US', 'Canada']"
332,VD369278,M.A3241,"['Canada', 'Europe']"
333,VD369278,M.A3631,"['Europe', 'India', 'Asia', 'US', 'Canada', 'Australia']"
334,VD369278,M.A5260,"['Asia', 'India']"
335,VD369278,M.A6174,"['US', 'Asia', 'Europe', 'Australia', 'India', 'Canada']"
336,VD369278,M.A7049,['India']
337,VD369278,M.A7492,"['Canada', 'Asia', 'US', 'Australia', 'Europe']"
338,VD369278,M.A7620,"['Asia', 'Europe', 'Australia', 'US', 'India', 'Canada']"
339,VD369278,M.A7769,"['India', 'Asia', 'US', 'Australia', 'Europe', 'Canada']"
340,VD369278,M.A7893,"['Asia', 'Canada', 'Australia', 'Europe']"
341,VD369278,M.A9424,"['Australia', 'Europe', 'Asia', 'India']"
342,VD369278,M.A9523,"['Canada', 'Europe', 'Australia', 'US', 'India', 'Asia']"
343,VD369278,M.A9572,"['Asia', 'Australia']"
344,VD369278,M.A9707,"['Asia', 'Australia', 'Canada', 'Europe', 'India', 'US']"
345,VD406065,SOC1836,"['Australia', 'Asia', 'US', 'India']"
346,VD406065,SOC2543,"['India', 'Asia']"
347,VD406065,SOC2877,"['Asia', 'India', 'Europe', 'Australia', 'Canada', 'US']"
348,VD406065,SOC2937,"['Canada', 'Asia', 'Europe', 'Australia']"
349,VD406065,SOC3344,"['Canada', 'Europe', 'India', 'US']"
350,VD406065,SOC3667,"['India', 'US', 'Canada', 'Asia', 'Europe']"
351,VD406065,SOC4560,['US']
352,VD406065,SOC5067,"['Canada', 'Australia', 'US', 'Asia', 'Europe', 'India']"
353,VD406065,SOC5676,"['US', 'Australia', 'Canada']"
354,VD406065,SOC6243,['Asia']
355,VD406065,SOC6793,"['Australia', 'Asia', 'Europe', 'India', 'US']"
356,VD406065,SOC7076,"['Canada', 'Asia']"
357,VD406065,SOC7413,"['India', 'Australia', 'Europe']"
358,VD406065,SOC7825,"['Europe', 'Canada']"
359,VD406065,SOC9596,['Australia']
360,VD412248,ITA1828,"['Asia', 'Europe', 'Canada']"
361,VD412248,ITA2234,"['US', 'Europe']"
362,VD412248,ITA2746,"['Asia', 'Canada', 'India', 'Australia', 'US', 'Europe']"
363,VD412248,ITA3530,"['India', 'Australia']"
364,VD412248,ITA3733,"['Australia', 'Asia', 'US', 'Canada', 'Europe']"
365,VD412248,ITA5046,"['Canada', 'US', 'India', 'Asia']"
366,VD412248,ITA5944,"['India', 'Australia']"
367,VD412248,ITA6076,"['Australia', 'Canada', 'India', 'Europe', 'Asia', 'US']"
368,VD412248,ITA6359,['India']
369,VD412248,ITA6368,['Global Certification']
370,VD412248,ITA6532,"['US', 'Australia', 'Europe', 'India', 'Asia', 'Canada']"
371,VD412248,ITA8640,"['Australia', 'US', 'Europe', 'Asia', 'India', 'Canada']"
372,VD412248,ITA8902,"['US', 'Canada', 'Australia']"
373,VD412248,ITA9218,"['India', 'US']"
374,VD412248,ITA9305,"['Canada', 'Asia', 'Europe', 'US', 'Australia', 'India']"
375,VD424465,WEN1815,"['Europe', 'Canada', 'India', 'Asia', 'Australia', 'US']"
376,VD424465,WEN1949,"['Canada', 'US', 'Europe']"
377,VD424465,WEN2399,['India']
378,VD424465,WEN3566,"['Europe', 'US', 'Canada', 'Asia', 'Australia']"
379,VD424465,WEN4372,"['Europe', 'US', 'Australia', 'Asia', 'India', 'Canada']"
380,VD424465,WEN5764,"['US', 'Canada', 'Asia', 'India']"
381,VD424465,WEN5777,"['US', 'Canada', 'Europe']"
382,VD424465,WEN6280,"['India', 'Canada']"
383,VD424465,WEN7432,"['Asia', 'Australia', 'US', 'Europe', 'Canada']"
384,VD424465,WEN7490,"['India', 'US']"
385,VD424465,WEN7913,"['Europe', 'Australia']"
386,VD424465,WEN9153,"['Asia', 'India', 'Australia', 'Europe', 'Canada']"
387,VD424465,WEN9540,"['India', 'Asia', 'US', 'Europe', 'Australia', 'Canada']"
388,VD424465,WEN9554,"['US', 'Europe', 'Asia', 'Canada', 'Australia']"
389,VD424465,WEN9663,"['US', 'Asia']"
390,VD427107,SIR1573,"['Europe', 'Australia', 'India', 'Canada', 'Asia', 'US']"
391,VD427107,SIR1755,['Australia']
392,VD427107,SIR1791,"['Canada', 'India', 'Australia', 'Europe', 'Asia', 'US']"
393,VD427107,SIR2824,"['Australia', 'Europe', 'US', 'India', 'Asia']"
394,VD427107,SIR4374,"['Canada', 'US']"
395,VD427107,SIR4919,"['Asia', 'US', 'Canada', 'Europe']"
396,VD427107,SIR6191,"['Europe', 'US', 'Asia', 'India', 'Canada']"
397,VD427107,SIR7298,"['Asia', 'Canada', 'India', 'US', 'Australia', 'Europe']"
398,VD427107,SIR7657,['Australia']
399,VD427107,SIR7878,"['Australia', 'Europe']"
400,VD427107,SIR8220,"['Canada', 'US', 'India', 'Australia']"
401,VD427107,SIR8402,"['Asia', 'Australia']"
402,VD427107,SIR8498,"['Canada', 'India']"
403,VD427107,SIR8859,"['US', 'Canada', 'Australia', 'India', 'Europe', 'Asia']"
404,VD427107,SIR9907,"['Asia', 'India', 'US']"
405,VD439383,RAJ1766,"['US', 'Australia', 'Canada', 'India']"
406,VD439383,RAJ3613,['Australia']
407,VD439383,RAJ4041,"['US', 'Asia', 'Canada', 'Europe', 'India', 'Australia']"
408,VD439383,RAJ4572,['Global Certification']
409,VD439383,RAJ4768,"['Europe', 'Canada', 'Australia', 'US', 'India', 'Asia']"
410,VD439383,RAJ5559,['India']
411,VD439383,RAJ6128,"['Canada', 'Europe', 'India', 'Asia']"
412,VD439383,RAJ6868,['India']
413,VD439383,RAJ6995,"['Australia', 'US']"
414,VD439383,RAJ7244,"['US', 'Asia', 'Australia', 'Canada', 'India', 'Europe']"
415,VD439383,RAJ8314,"['Europe', 'Canada']"
416,VD439383,RAJ8553,"['Canada', 'India', 'Europe', 'Asia', 'US']"
417,VD439383,RAJ9103,"['Asia', 'Canada', 'US', 'Australia', 'Europe', 'India']"
418,VD439383,RAJ9492,"['Australia', 'US']"
419,VD439383,RAJ9901,"['Asia', 'India']"
420,VD446800,M/S1376,['Global Certification']
421,VD446800,M/S1529,"['India', 'Europe', 'Asia', 'Canada', 'US', 'Australia']"
422,VD446800,M/S2064,"['Asia', 'India', 'Australia', 'Canada', 'US']"
423,VD446800,M/S2390,"['Europe', 'Canada']"
424,VD446800,M/S3567,"['Canada', 'Asia', 'US', 'Australia']"
425,VD446800,M/S4745,['Asia']
426,VD446800,M/S4996,"['Australia', 'US', 'Canada', 'India', 'Europe', 'Asia']"
427,VD446800,M/S5680,"['Europe', 'Asia', 'Australia']"
428,VD446800,M/S5985,['Europe']
429,VD446800,M/S6316,"['Canada', 'Asia', 'US', 'India', 'Europe']"
430,VD446800,M/S7411,"['India', 'Europe', 'Canada', 'Asia', 'Australia', 'US']"
431,VD446800,M/S8270,"['India', 'Australia', 'Asia', 'Canada']"
432,VD446800,M/S8698,['India']
433,VD446800,M/S8863,"['US', 'Australia', 'Canada']"
434,VD446800,M/S8925,"['Asia', 'US', 'Canada']"
435,VD463262,NET1220,['Canada']
436,VD463262,NET1450,"['Australia', 'Asia', 'US', 'India', 'Canada']"
437,VD463262,NET1919,"['Europe', 'Asia', 'US', 'Canada', 'India']"
438,VD463262,NET2373,"['Europe', 'Australia', 'Asia', 'US', 'India']"
439,VD463262,NET2743,['Canada']
440,VD463262,NET3012,"['Europe', 'Australia', 'US', 'India']"
441,VD463262,NET3367,"['Asia', 'US', 'Canada', 'India', 'Europe', 'Australia']"
442,VD463262,NET4519,"['India', 'Asia', 'Australia', 'US', 'Canada', 'Europe']"
443,VD463262,NET4630,"['Canada', 'Australia', 'US']"
444,VD463262,NET5219,"['Asia', 'Europe', 'India', 'Canada', 'Australia']"
445,VD463262,NET5663,"['Europe', 'US', 'Australia', 'Asia', 'India', 'Canada']"
446,VD463262,NET6666,"['US', 'Canada', 'Europe', 'Asia', 'Australia']"
447,VD463262,NET7302,"['Canada', 'Europe']"
448,VD463262,NET9749,"['India', 'Canada', 'Asia']"
449,VD463262,NET9931,"['US', 'Europe', 'India', 'Asia']"
450,VD485133,MOV1520,"['Australia', 'Canada', 'Europe', 'Asia']"
451,VD485133,MOV2130,['Global Certification']
452,VD485133,MOV2403,"['Australia', 'Canada', 'India', 'Asia', 'US']"
453,VD485133,MOV2436,['Australia']
454,VD485133,MOV2998,"['Canada', 'Australia', 'Asia']"
455,VD485133,MOV3426,"['Asia', 'Canada', 'India', 'Australia', 'US']"
456,VD485133,MOV4137,"['Canada', 'Europe']"
457,VD485133,MOV4752,"['Europe', 'Australia', 'Canada', 'India', 'Asia']"
458,VD485133,MOV5016,"['Europe', 'India']"
459,VD485133,MOV5935,['US']
460,VD485133,MOV7962,"['US', 'Europe', 'India', 'Asia']"
461,VD485133,MOV8322,"['Europe', 'Canada', 'Australia', 'US', 'India', 'Asia']"
462,VD485133,MOV8490,"['Australia', 'Europe', 'Asia', 'India', 'Canada', 'US']"
463,VD485133,MOV8951,"['Europe', 'Asia', 'India', 'Australia', 'US', 'Canada']"
464,VD485133,MOV9774,"['Asia', 'Canada', 'Europe', 'Australia']"
465,VD492539,APC2478,['India']
466,VD492539,APC3196,"['Australia', 'Canada']"
467,VD492539,APC3254,"['Asia', 'Canada', 'US', 'Australia', 'Europe']"
468,VD492539,APC4216,"['Asia', 'India']"
469,VD492539,APC4264,"['US', 'Canada']"
470,VD492539,APC4300,['Australia']
471,VD492539,APC5491,"['US', 'Europe', 'Asia', 'India']"
472,VD492539,APC5815,"['Europe', 'India']"
473,VD492539,APC6052,"['Europe', 'India', 'Canada']"
474,VD492539,APC6652,"['India', 'Europe', 'Canada']"
475,VD492539,APC7359,['Global Certification']
476,VD492539,APC7418,"['Canada', 'US', 'Asia', 'Australia']"
477,VD492539,APC8704,"['Canada', 'Europe']"
478,VD492539,APC9311,"['US', 'India', 'Asia', 'Canada']"
479,VD492539,APC9364,"['US', 'Asia', 'Australia']"
480,VD495295,POL1928,"['Asia', 'Australia', 'Europe', 'US', 'India']"
481,VD495295,POL2259,"['India', 'Asia', 'Australia', 'US']"
482,VD495295,POL2462,['Australia']
483,VD495295,POL2829,['Canada']
484,VD495295,POL3770,"['US', 'Canada', 'India', 'Europe']"
485,VD495295,POL4302,['US']
486,VD495295,POL4364,"['Canada', 'Europe', 'Australia', 'US', 'Asia']"
487,VD495295,POL4770,"['Asia', 'US', 'Canada', 'India']"
488,VD495295,POL4870,"['Canada', 'Asia', 'Australia', 'India', 'Europe']"
489,VD495295,POL4989,['Canada']
490,VD495295,POL5129,"['Australia', 'India', 'Asia']"
491,VD495295,POL5196,"['India', 'US', 'Australia', 'Canada', 'Asia']"
492,VD495295,POL5847,"['Australia', 'India', 'US', 'Canada']"
493,VD495295,POL7402,"['Asia', 'US']"
494,VD495295,POL7520,"['Asia', 'Europe', 'Australia', 'Canada']"
495,VD502476,COG1812,['Asia']
496,VD502476,COG2110,['Global Certification']
497,VD502476,COG2262,['Canada']
498,VD502476,COG2407,"['US', 'Asia', 'Canada', 'India', 'Australia', 'Europe']"
499,VD502476,COG3872,"['India', 'Europe', 'Australia']"
500,VD502476,COG4504,"['Australia', 'India', 'Asia', 'Europe', 'Canada']"
501,VD502476,COG4705,"['Europe', 'Canada', 'Asia', 'Australia']"
502,VD502476,COG4873,"['India', 'US', 'Australia', 'Asia', 'Europe']"
503,VD502476,COG6153,"['Asia', 'Canada', 'Australia', 'US']"
504,VD502476,COG7451,"['Australia', 'India', 'Europe', 'US']"
505,VD502476,COG8078,['Europe']
506,VD502476,COG8300,['Asia']
507,VD502476,COG8973,"['India', 'Canada', 'Europe']"
508,VD502476,COG9250,"['US', 'Asia', 'Canada', 'Australia', 'Europe']"
509,VD502476,COG9727,"['Europe', 'India']"
510,VD502502,AST1438,"['Australia', 'Europe']"
511,VD502502,AST1622,"['Europe', 'India', 'Australia', 'US', 'Canada']"
512,VD502502,AST2306,['India']
513,VD502502,AST2713,"['Australia', 'India', 'Europe', 'Asia']"
514,VD502502,AST2927,"['Europe', 'Australia', 'US', 'India', 'Asia', 'Canada']"
515,VD502502,AST4080,"['US', 'Australia']"
516,VD502502,AST4382,"['Canada', 'Europe']"
517,VD502502,AST4699,"['Australia', 'Europe', 'US', 'Asia', 'India', 'Canada']"
518,VD502502,AST4709,"['Canada', 'US', 'India', 'Australia']"
519,VD502502,AST4710,['India']
520,VD502502,AST5870,"['Australia', 'Europe', 'Canada', 'US', 'Asia', 'India']"
521,VD502502,AST6549,"['Australia', 'India', 'Asia', 'US', 'Canada', 'Europe']"
522,VD502502,AST7052,"['Australia', 'Canada', 'Asia', 'Europe']"
523,VD502502,AST7127,['Global Certification']
524,VD502502,AST7380,"['Australia', 'US', 'Europe', 'India']"
525,VD510443,PHO2218,"['Canada', 'US', 'Asia']"
526,VD510443,PHO2995,"['Asia', 'US', 'Australia', 'Canada']"
527,VD510443,PHO3199,"['Canada', 'Europe', 'Asia']"
528,VD510443,PHO3496,"['Australia', 'India', 'US', 'Asia', 'Canada', 'Europe']"
529,VD510443,PHO3739,['Canada']
530,VD510443,PHO3786,"['Australia', 'Europe', 'India', 'Canada', 'Asia', 'US']"
531,VD510443,PHO5053,['Global Certification']
532,VD510443,PHO5729,['Europe']
533,VD510443,PHO5817,"['India', 'Canada', 'Asia', 'Europe', 'US']"
534,VD510443,PHO5872,"['US', 'Asia', 'Europe', 'Canada', 'India']"
535,VD510443,PHO6019,"['Canada', 'Asia', 'US']"
536,VD510443,PHO6991,"['US', 'Canada', 'Australia', 'Europe', 'Asia']"
537,VD510443,PHO7341,"['US', 'Canada', 'Europe', 'Australia', 'Asia']"
538,VD510443,PHO7361,['Global Certification']
539,VD510443,PHO9016,"['India', 'US', 'Canada', 'Australia', 'Europe']"
540,VD565881,ELE1256,"['Asia', 'Europe', 'US', 'Australia', 'India']"
541,VD565881,ELE1421,"['US', 'Asia', 'India']"
542,VD565881,ELE1506,"['Canada', 'Australia', 'Europe', 'India']"
543,VD565881,ELE2266,"['Europe', 'Asia', 'Australia', 'US', 'India']"
544,VD565881,ELE2366,"['Europe', 'Asia']"
545,VD565881,ELE3425,"['Europe', 'India']"
546,VD565881,ELE3544,"['US', 'Europe']"
547,VD565881,ELE4170,"['US', 'India', 'Australia', 'Canada', 'Europe']"
548,VD565881,ELE5380,"['US', 'India', 'Europe', 'Asia']"
549,VD565881,ELE5518,"['India', 'Europe', 'Canada']"
550,VD565881,ELE6384,"['India', 'Europe']"
551,VD565881,ELE7526,['India']
552,VD565881,ELE9188,"['Australia', 'Canada', 'US']"
553,VD565881,ELE9536,"['Europe', 'US', 'Canada']"
554,VD565881,ELE9735,"['US', 'Australia', 'Canada']"
555,VD582829,SCH3884,['Global Certification']
556,VD582829,SCH3910,"['Canada', 'Australia', 'US', 'Asia', 'Europe']"
557,VD582829,SCH4330,"['Canada', 'Europe', 'Australia', 'India', 'Asia']"
558,VD582829,SCH4589,"['Asia', 'Australia']"
559,VD582829,SCH4594,"['Asia', 'Europe']"
560,VD582829,SCH4945,"['India', 'Australia']"
561,VD582829,SCH5369,"['India', 'Australia', 'Canada', 'US', 'Asia', 'Europe']"
562,VD582829,SCH5403,"['Australia', 'Europe', 'India', 'Canada', 'US', 'Asia']"
563,VD582829,SCH5820,"['Europe', 'Asia', 'India', 'Canada']"
564,VD582829,SCH5875,['US']
565,VD582829,SCH8127,"['Europe', 'US', 'Australia']"
566,VD582829,SCH8144,"['US', 'Canada', 'Europe', 'Australia', 'Asia', 'India']"
567,VD582829,SCH8710,"['Asia', 'Europe', 'Canada']"
568,VD582829,SCH8821,"['Australia', 'Europe', 'Asia', 'India']"
569,VD582829,SCH9261,"['Europe', 'US', 'Canada', 'Australia', 'Asia']"
570,VD603538,FER1123,"['India', 'Asia', 'Canada', 'Australia', 'Europe']"
571,VD603538,FER1396,['Canada']
572,VD603538,FER1937,"['Australia', 'Europe', 'Asia', 'India', 'US']"
573,VD603538,FER2345,"['US', 'India']"
574,VD603538,FER2851,"['Asia', 'Australia']"
575,VD603538,FER3233,"['India', 'Asia']"
576,VD603538,FER4931,"['Australia', 'US', 'India', 'Europe']"
577,VD603538,FER5057,"['Europe', 'Australia']"
578,VD603538,FER6094,"['Australia', 'US', 'Europe', 'Asia']"
579,VD603538,FER6692,"['India', 'Asia', 'Canada', 'US', 'Europe']"
580,VD603538,FER7510,['India']
581,VD603538,FER9531,['Australia']
582,VD603538,FER9704,"['Asia', 'Canada', 'India', 'Australia']"
583,VD603538,FER9800,"['Australia', 'India', 'Europe']"
584,VD603538,FER9891,"['Asia', 'Canada', 'US', 'India', 'Australia']"
585,VD612328,A T1013,"['Europe', 'US', 'Canada', 'Asia']"
586,VD612328,A T1465,['Europe']
587,VD612328,A T2729,['India']
588,VD612328,A T3777,"['Australia', 'Asia', 'Europe', 'India']"
589,VD612328,A T3792,"['Asia', 'Canada', 'India', 'Australia']"
590,VD612328,A T4206,"['India', 'US', 'Europe', 'Canada', 'Australia']"
591,VD612328,A T6841,['Global Certification']
592,VD612328,A T6845,"['Asia', 'Europe', 'Australia']"
593,VD612328,A T7261,"['Asia', 'Canada', 'India', 'US', 'Australia']"
594,VD612328,A T7366,"['US', 'Australia', 'India']"
595,VD612328,A T7683,"['US', 'Asia', 'Europe', 'Australia']"
596,VD612328,A T8798,"['India', 'Canada', 'Europe', 'Australia']"
597,VD612328,A T9383,['Canada']
598,VD612328,A T9595,"['Europe', 'US', 'Canada', 'India', 'Asia', 'Australia']"
599,VD612328,A T9866,"['Asia', 'Europe', 'US', 'Australia', 'Canada', 'India']"
600,VD620094,EVO3011,"['India', 'Australia', 'Canada', 'Asia', 'US']"
601,VD620094,EVO3537,"['Europe', 'Australia', 'Asia', 'India']"
602,VD620094,EVO3678,"['Canada', 'Asia', 'India', 'Europe', 'Australia']"
603,VD620094,EVO3848,"['US', 'Canada', 'Europe', 'Asia', 'India', 'Australia']"
604,VD620094,EVO4714,"['Asia', 'Australia', 'US', 'Europe', 'India']"
605,VD620094,EVO4916,"['Asia', 'Canada', 'Europe', 'Australia', 'India']"
606,VD620094,EVO5736,"['India', 'Canada', 'Australia', 'US', 'Asia']"
607,VD620094,EVO5761,"['Asia', 'Europe', 'Canada', 'India', 'Australia']"
608,VD620094,EVO5885,['Australia']
609,VD620094,EVO6581,"['US', 'Canada']"
610,VD620094,EVO6664,"['Asia', 'Australia', 'US', 'Europe', 'India']"
611,VD620094,EVO6720,"['Canada', 'Europe', 'US', 'India']"
612,VD620094,EVO7498,"['US', 'Asia', 'Australia', 'Europe', 'India']"
613,VD620094,EVO8551,"['Europe', 'Canada', 'India', 'Asia']"
614,VD620094,EVO9222,"['Canada', 'India', 'US', 'Australia', 'Europe', 'Asia']"
615,VD622206,MEE1169,"['Asia', 'India']"
616,VD622206,MEE1183,"['US', 'Australia', 'India', 'Asia', 'Canada']"
617,VD622206,MEE4547,"['Europe', 'Canada', 'India', 'Asia', 'US', 'Australia']"
618,VD622206,MEE4617,"['Asia', 'US']"
619,VD622206,MEE4744,['Europe']
620,VD622206,MEE4812,"['Asia', 'Canada', 'India', 'Europe', 'Australia']"
621,VD622206,MEE5548,"['India', 'Canada', 'US', 'Europe', 'Asia']"
622,VD622206,MEE6626,"['Australia', 'US', 'Canada']"
623,VD622206,MEE7051,['India']
624,VD622206,MEE7113,"['Asia', 'US', 'India']"
625,VD622206,MEE7145,"['Asia', 'US']"
626,VD622206,MEE7344,"['Canada', 'Asia', 'Australia']"
627,VD622206,MEE8207,"['Canada', 'India', 'US']"
628,VD622206,MEE8287,"['Europe', 'US', 'Canada', 'Asia', 'India']"
629,VD622206,MEE9443,['Canada']
630,VD650721,KYO1025,"['India', 'US', 'Asia', 'Canada']"
631,VD650721,KYO1671,"['India', 'Australia', 'Asia', 'Europe']"
632,VD650721,KYO2460,"['Australia', 'US', 'Canada']"
633,VD650721,KYO2791,"['US', 'Australia', 'India', 'Asia', 'Europe', 'Canada']"
634,VD650721,KYO2846,"['Canada', 'India', 'Australia', 'Europe', 'US', 'Asia']"
635,VD650721,KYO2884,"['Europe', 'US', 'Asia', 'India', 'Canada']"
636,VD650721,KYO4301,"['Asia', 'US', 'Canada', 'India', 'Europe', 'Australia']"
637,VD650721,KYO5525,"['Canada', 'India', 'Australia', 'Europe', 'US']"
638,VD650721,KYO5587,['Global Certification']
639,VD650721,KYO5599,"['Europe', 'India', 'Canada', 'US', 'Australia', 'Asia']"
640,VD650721,KYO7240,"['Asia', 'Europe', 'US', 'India']"
641,VD650721,KYO7458,"['US', 'Australia', 'Canada', 'Asia', 'India', 'Europe']"
642,VD650721,KYO7908,"['Europe', 'India', 'Australia', 'US']"
643,VD650721,KYO8130,"['Asia', 'Australia', 'Europe']"
644,VD650721,KYO9088,"['Canada', 'India', 'Asia', 'Australia', 'US']"
645,VD656326,RIT1750,"['Australia', 'US']"
646,VD656326,RIT2030,"['Canada', 'India', 'Australia', 'Europe', 'Asia']"
647,VD656326,RIT2464,"['US', 'Australia', 'India', 'Europe']"
648,VD656326,RIT2630,"['US', 'India']"
649,VD656326,RIT3168,"['Europe', 'India', 'Australia', 'US', 'Asia']"
650,VD656326,RIT3711,"['Asia', 'India', 'US', 'Europe', 'Australia', 'Canada']"
651,VD656326,RIT5177,"['Asia', 'Australia']"
652,VD656326,RIT5231,['India']
653,VD656326,RIT5490,"['Canada', 'Australia', 'Europe', 'US', 'India', 'Asia']"
654,VD656326,RIT5599,"['Europe', 'Canada', 'Asia', 'Australia']"
655,VD656326,RIT5666,"['Canada', 'Europe', 'US', 'India']"
656,VD656326,RIT5935,"['US', 'Australia', 'Europe', 'Canada']"
657,VD656326,RIT7239,['India']
658,VD656326,RIT7585,"['Europe', 'India', 'Canada', 'Asia', 'US']"
659,VD656326,RIT8452,"['Canada', 'Europe', 'India', 'Australia', 'US', 'Asia']"
660,VD671527,IND1734,"['Asia', 'India', 'US', 'Canada', 'Europe', 'Australia']"
661,VD671527,IND2160,"['Australia', 'India', 'Europe', 'Asia']"
662,VD671527,IND2753,"['Australia', 'India', 'US', 'Canada']"
663,VD671527,IND2806,"['Canada', 'India', 'Asia', 'US']"
664,VD671527,IND3796,"['India', 'Australia', 'Canada', 'US', 'Europe']"
665,VD671527,IND4254,"['India', 'Australia', 'US', 'Canada']"
666,VD671527,IND4956,"['Europe', 'Asia']"
667,VD671527,IND5774,"['Europe', 'India', 'Asia', 'Australia', 'US']"
668,VD671527,IND5828,"['Asia', 'US', 'India', 'Europe', 'Australia']"
669,VD671527,IND5929,"['Europe', 'India', 'US', 'Canada', 'Asia', 'Australia']"
670,VD671527,IND6349,"['Canada', 'Australia', 'US', 'India', 'Asia']"
671,VD671527,IND6769,"['US', 'Asia']"
672,VD671527,IND7332,['Europe']
673,VD671527,IND7431,"['Australia', 'Canada', 'India']"
674,VD671527,IND8395,"['India', 'US']"
675,VD679659,DIG1188,"['Australia', 'Canada', 'India', 'US']"
676,VD679659,DIG1518,['Europe']
677,VD679659,DIG2195,"['Australia', 'Asia', 'India', 'Europe', 'Canada', 'US']"
678,VD679659,DIG2353,"['Australia', 'Europe', 'US', 'Canada', 'India']"
679,VD679659,DIG3448,"['US', 'Canada', 'Asia', 'Europe', 'India', 'Australia']"
680,VD679659,DIG4417,"['Australia', 'Asia', 'US', 'India', 'Europe']"
681,VD679659,DIG4865,"['Europe', 'India', 'US', 'Asia', 'Australia', 'Canada']"
682,VD679659,DIG6587,"['Australia', 'Europe', 'Asia', 'India']"
683,VD679659,DIG6703,"['Asia', 'Australia', 'US', 'India', 'Canada', 'Europe']"
684,VD679659,DIG6806,"['Asia', 'US', 'Europe', 'Australia']"
685,VD679659,DIG7506,"['India', 'Asia', 'Europe', 'Australia']"
686,VD679659,DIG8093,"['US', 'Asia', 'India', 'Europe', 'Australia']"
687,VD679659,DIG8212,"['Asia', 'Australia', 'India', 'Canada', 'Europe', 'US']"
688,VD679659,DIG8278,"['India', 'Europe', 'Asia', 'Australia', 'Canada', 'US']"
689,VD679659,DIG8899,"['Asia', 'Canada', 'India', 'Europe']"
690,VD680835,PEP1039,"['Asia', 'Europe']"
691,VD680835,PEP1411,"['India', 'Canada', 'Europe', 'Asia']"
692,VD680835,PEP1542,"['India', 'US', 'Asia']"
693,VD680835,PEP1778,"['India', 'US', 'Asia']"
694,VD680835,PEP2662,"['Asia', 'Australia']"
695,VD680835,PEP3438,['Australia']
696,VD680835,PEP3913,"['Europe', 'Australia', 'Canada', 'Asia', 'India', 'US']"
697,VD680835,PEP5451,"['Asia', 'India', 'Europe', 'Australia']"
698,VD680835,PEP5672,"['Asia', 'India', 'US', 'Europe', 'Canada']"
699,VD680835,PEP5707,"['Australia', 'Asia', 'Canada', 'India']"
700,VD680835,PEP6673,['Australia']
701,VD680835,PEP7365,"['US', 'Canada', 'India', 'Asia']"
702,VD680835,PEP7412,"['Asia', 'US', 'Europe', 'India', 'Canada']"
703,VD680835,PEP7648,['US']
704,VD680835,PEP7961,"['US', 'Asia', 'Canada', 'Europe']"
705,VD683192,RD 3121,"['US', 'Canada']"
706,VD683192,RD 3943,"['Canada', 'US', 'Australia', 'India', 'Europe']"
707,VD683192,RD 4310,"['Canada', 'India', 'Asia', 'US', 'Europe', 'Australia']"
708,VD683192,RD 4705,['US']
709,VD683192,RD 4921,"['Asia', 'Australia']"
710,VD683192,RD 4959,"['Australia', 'Asia', 'US']"
711,VD683192,RD 4982,"['US', 'Europe', 'India']"
712,VD683192,RD 6188,"['Europe', 'Canada']"
713,VD683192,RD 6376,"['US', 'Asia', 'India', 'Canada', 'Europe', 'Australia']"
714,VD683192,RD 6608,"['Canada', 'Australia', 'Asia']"
715,VD683192,RD 7119,"['India', 'Canada', 'Asia', 'Australia']"
716,VD683192,RD 8456,"['Australia', 'US', 'Asia', 'India']"
717,VD683192,RD 8634,['US']
718,VD683192,RD 9360,['Global Certification']
719,VD683192,RD 9632,"['Australia', 'Asia', 'India', 'Canada', 'Europe']"
720,VD685175,MOO1966,"['India', 'US', 'Australia']"
721,VD685175,MOO2068,"['Europe', 'Asia', 'Australia', 'Canada', 'US']"
722,VD685175,MOO2202,"['Canada', 'Asia']"
723,VD685175,MOO2376,"['Asia', 'India', 'US', 'Australia', 'Canada']"
724,VD685175,MOO2811,['Asia']
725,VD685175,MOO3334,['Global Certification']
726,VD685175,MOO3539,"['Canada', 'India']"
727,VD685175,MOO4328,['Canada']
728,VD685175,MOO6577,"['Australia', 'Canada', 'India', 'Europe']"
729,VD685175,MOO6861,['Europe']
730,VD685175,MOO7958,"['India', 'Australia', 'US']"
731,VD685175,MOO8206,"['India', 'Europe']"
732,VD685175,MOO8569,"['India', 'US', 'Canada']"
733,VD685175,MOO8830,"['Australia', 'Europe']"
734,VD685175,MOO9707,"['Canada', 'India']"
735,VD699577,ITG1771,"['India', 'Canada', 'Asia', 'US', 'Europe']"
736,VD699577,ITG3443,"['Australia', 'Asia', 'US', 'Canada', 'India', 'Europe']"
737,VD699577,ITG3728,"['US', 'Canada', 'Asia', 'Europe', 'India', 'Australia']"
738,VD699577,ITG4439,"['Asia', 'Australia', 'India', 'US', 'Canada', 'Europe']"
739,VD699577,ITG5084,"['Canada', 'Europe']"
740,VD699577,ITG5098,"['US', 'Europe', 'Asia']"
741,VD699577,ITG5957,"['Asia', 'India', 'Canada']"
742,VD699577,ITG7328,"['Canada', 'Australia', 'US']"
743,VD699577,ITG7487,"['Europe', 'India', 'Canada']"
744,VD699577,ITG7489,"['Australia', 'India', 'Canada', 'Asia']"
745,VD699577,ITG7740,"['US', 'Asia', 'Australia', 'Europe', 'Canada', 'India']"
746,VD699577,ITG8685,"['Asia', 'Australia', 'US']"
747,VD699577,ITG8741,['US']
748,VD699577,ITG8976,"['Australia', 'Asia', 'Canada', 'Europe', 'US']"
749,VD699577,ITG8988,['US']
750,VD726436,BIN1807,"['India', 'Europe', 'Canada', 'US', 'Australia', 'Asia']"
751,VD726436,BIN2383,"['Canada', 'India']"
752,VD726436,BIN3130,"['US', 'Europe', 'Australia', 'India', 'Canada']"
753,VD726436,BIN3429,"['Europe', 'India', 'Canada', 'US', 'Asia']"
754,VD726436,BIN3712,"['Europe', 'Australia', 'US', 'India', 'Asia', 'Canada']"
755,VD726436,BIN4168,['Canada']
756,VD726436,BIN5389,"['Australia', 'Europe', 'India', 'US', 'Asia']"
757,VD726436,BIN6993,"['US', 'Canada']"
758,VD726436,BIN7154,"['Europe', 'Asia', 'Australia']"
759,VD726436,BIN7465,['India']
760,VD726436,BIN7862,['Europe']
761,VD726436,BIN7939,"['India', 'Australia', 'Canada', 'Europe', 'Asia']"
762,VD726436,BIN8747,['Canada']
763,VD726436,BIN9477,"['India', 'US']"
764,VD726436,BIN9524,"['Asia', 'Australia', 'Europe']"
765,VD736394,IGU2025,"['Australia', 'Canada', 'Europe']"
766,VD736394,IGU3153,"['India', 'Australia', 'Canada', 'Asia', 'Europe']"
767,VD736394,IGU3297,['Europe']
768,VD736394,IGU5155,"['Australia', 'US']"
769,VD736394,IGU6533,"['Canada', 'Europe', 'India', 'Asia']"
770,VD736394,IGU6740,['Global Certification']
771,VD736394,IGU7063,"['Australia', 'Asia', 'US', 'Canada']"
772,VD736394,IGU7410,"['Australia', 'India', 'US', 'Canada', 'Europe', 'Asia']"
773,VD736394,IGU7656,"['India', 'Australia', 'Canada', 'US', 'Europe', 'Asia']"
774,VD736394,IGU7770,"['US', 'Canada', 'Asia', 'India', 'Europe']"
775,VD736394,IGU8555,['India']
776,VD736394,IGU8557,['India']
777,VD736394,IGU8651,"['Canada', 'Europe', 'India']"
778,VD736394,IGU9069,['US']
779,VD736394,IGU9263,"['Asia', 'India', 'Europe', 'Australia', 'US']"
780,VD738866,AXI1864,"['US', 'Asia']"
781,VD738866,AXI4155,"['India', 'Europe', 'Australia', 'Canada']"
782,VD738866,AXI4491,"['Australia', 'US', 'India', 'Europe']"
783,VD738866,AXI4905,"['Asia', 'Europe', 'US']"
784,VD738866,AXI5479,"['US', 'India', 'Canada', 'Asia', 'Australia']"
785,VD738866,AXI6184,"['Asia', 'US', 'Canada', 'Australia']"
786,VD738866,AXI6185,"['Canada', 'India', 'Australia', 'US', 'Europe']"
787,VD738866,AXI6622,"['India', 'Canada']"
788,VD738866,AXI6899,"['Asia', 'Europe']"
789,VD738866,AXI6955,"['Australia', 'Canada', 'Europe']"
790,VD738866,AXI8445,"['US', 'Asia', 'Canada', 'India', 'Europe', 'Australia']"
791,VD738866,AXI8707,"['Australia', 'Asia']"
792,VD738866,AXI8749,"['India', 'Europe', 'Asia', 'Canada', 'Australia']"
793,VD738866,AXI9117,"['Australia', 'Canada', 'US']"
794,VD738866,AXI9122,"['Asia', 'Australia', 'Europe']"
795,VD751524,MKS1640,['Europe']
796,VD751524,MKS1652,"['US', 'Europe', 'India', 'Asia', 'Australia']"
797,VD751524,MKS2149,['Australia']
798,VD751524,MKS5940,"['Australia', 'Europe', 'India', 'Canada', 'Asia', 'US']"
799,VD751524,MKS5979,"['Australia', 'US', 'Canada', 'India', 'Asia']"
800,VD751524,MKS6119,"['Australia', 'Europe', 'US', 'Asia', 'Canada', 'India']"
801,VD751524,MKS7702,"['Asia', 'India', 'Canada', 'Australia', 'Europe']"
802,VD751524,MKS8025,"['India', 'Asia', 'US', 'Europe', 'Australia']"
803,VD751524,MKS8480,"['Europe', 'India', 'Australia', 'Canada', 'US', 'Asia']"
804,VD751524,MKS8681,"['US', 'Asia', 'Europe', 'Australia', 'India']"
805,VD751524,MKS9280,"['Europe', 'US', 'Australia', 'Canada', 'India', 'Asia']"
806,VD751524,MKS9372,"['Canada', 'Australia', 'US', 'Asia', 'India']"
807,VD751524,MKS9447,"['Australia', 'Canada', 'India']"
808,VD751524,MKS9573,"['Europe', 'India', 'Australia', 'Canada', 'Asia', 'US']"
809,VD751524,MKS9652,"['Canada', 'US', 'Asia']"
810,VD755831,SHA1589,"['US', 'Australia', 'Asia', 'Europe', 'Canada', 'India']"
811,VD755831,SHA1964,"['Europe', 'Canada', 'Australia', 'India', 'US']"
812,VD755831,SHA2070,"['Australia', 'Asia', 'India', 'US', 'Europe']"
813,VD755831,SHA3275,"['Asia', 'Europe']"
814,VD755831,SHA3560,"['US', 'Asia', 'Europe', 'Australia', 'Canada', 'India']"
815,VD755831,SHA3784,"['Australia', 'India', 'US']"
816,VD755831,SHA3948,"['Canada', 'India', 'US', 'Europe']"
817,VD755831,SHA4168,"['India', 'US', 'Asia', 'Canada', 'Europe', 'Australia']"
818,VD755831,SHA4646,"['US', 'Australia']"
819,VD755831,SHA5240,['Europe']
820,VD755831,SHA5619,"['Asia', 'US', 'Australia']"
821,VD755831,SHA7044,['Global Certification']
822,VD755831,SHA8065,"['US', 'Asia', 'Australia']"
823,VD755831,SHA8515,"['Canada', 'India', 'Asia', 'Europe', 'Australia']"
824,VD755831,SHA9792,"['Europe', 'US', 'Canada', 'Australia', 'Asia', 'India']"
825,VD774438,H S1316,"['Canada', 'Australia']"
826,VD774438,H S1483,"['India', 'Canada', 'Australia']"
827,VD774438,H S3321,"['Asia', 'Australia', 'Europe', 'US']"
828,VD774438,H S4211,['Canada']
829,VD774438,H S4311,"['Australia', 'India']"
830,VD774438,H S4689,"['Canada', 'US', 'Europe']"
831,VD774438,H S4783,['Canada']
832,VD774438,H S5012,"['Canada', 'Europe', 'US', 'India']"
833,VD774438,H S5216,"['Australia', 'Asia', 'India', 'Europe']"
834,VD774438,H S5328,"['Europe', 'US', 'Canada', 'India', 'Australia']"
835,VD774438,H S5999,['Asia']
836,VD774438,H S6107,"['Asia', 'India', 'Australia', 'Europe', 'US']"
837,VD774438,H S6941,"['Australia', 'US', 'Europe', 'India', 'Asia']"
838,VD774438,H S8355,"['Asia', 'US', 'Australia', 'Europe', 'India']"
839,VD774438,H S9138,"['Europe', 'India', 'Australia', 'US', 'Canada']"
840,VD776359,RIT1156,"['Asia', 'India', 'Europe', 'Canada']"
841,VD776359,RIT1641,['Australia']
842,VD776359,RIT1831,['Europe']
843,VD776359,RIT2152,"['Europe', 'Asia']"
844,VD776359,RIT2783,"['Canada', 'India', 'Asia', 'Europe', 'US', 'Australia']"
845,VD776359,RIT3067,"['Europe', 'US', 'Australia', 'Asia', 'India', 'Canada']"
846,VD776359,RIT3804,['Global Certification']
847,VD776359,RIT4441,"['Asia', 'US', 'India', 'Australia', 'Europe', 'Canada']"
848,VD776359,RIT5047,['Global Certification']
849,VD776359,RIT6488,"['India', 'Europe', 'Canada', 'Asia', 'Australia']"
850,VD776359,RIT6564,"['US', 'Canada', 'Australia', 'Europe']"
851,VD776359,RIT7168,"['Asia', 'Canada', 'Europe', 'US']"
852,VD776359,RIT7279,"['Australia', 'India', 'Canada']"
853,VD776359,RIT8680,"['Canada', 'US', 'Asia', 'Australia', 'India', 'Europe']"
854,VD776359,RIT9312,"['Canada', 'India', 'Asia', 'Europe']"
855,VD780586,HIC1133,"['India', 'Asia', 'Australia']"
856,VD780586,HIC1688,"['US', 'Asia', 'India']"
857,VD780586,HIC3922,"['Canada', 'India', 'Asia', 'Europe']"
858,VD780586,HIC4573,"['Australia', 'Europe']"
859,VD780586,HIC5192,"['Australia', 'India']"
860,VD780586,HIC5634,"['Europe', 'Asia', 'Canada']"
861,VD780586,HIC5751,['Asia']
862,VD780586,HIC6292,"['Europe', 'Canada', 'India', 'Asia', 'Australia']"
863,VD780586,HIC6449,['US']
864,VD780586,HIC6809,"['Europe', 'India', 'Canada', 'Australia', 'US']"
865,VD780586,HIC7764,"['Australia', 'Canada', 'US', 'Europe', 'India']"
866,VD780586,HIC8119,"['Australia', 'India', 'Asia', 'Canada', 'US']"
867,VD780586,HIC8607,"['US', 'Australia', 'India']"
868,VD780586,HIC9149,"['India', 'Australia', 'Canada', 'Asia', 'Europe']"
869,VD780586,HIC9177,"['Europe', 'Asia', 'Canada', 'US']"
870,VD784623,SEC1635,"['Canada', 'Europe']"
871,VD784623,SEC2032,"['US', 'Asia']"
872,VD784623,SEC2294,"['India', 'Europe', 'Asia', 'Australia']"
873,VD784623,SEC2935,"['India', 'US', 'Asia', 'Canada']"
874,VD784623,SEC3432,"['Australia', 'US', 'Canada', 'India', 'Asia']"
875,VD784623,SEC4087,"['Europe', 'Canada', 'India', 'Australia', 'Asia', 'US']"
876,VD784623,SEC4421,['Global Certification']
877,VD784623,SEC4557,"['Australia', 'India', 'US', 'Canada']"
878,VD784623,SEC4682,"['Asia', 'Australia', 'Canada']"
879,VD784623,SEC5262,"['Asia', 'Canada', 'India', 'Australia', 'US', 'Europe']"
880,VD784623,SEC5563,"['Australia', 'Canada', 'US', 'Europe']"
881,VD784623,SEC6513,"['Australia', 'US', 'Europe', 'India', 'Asia', 'Canada']"
882,VD784623,SEC6559,"['Canada', 'US', 'India', 'Australia', 'Asia']"
883,VD784623,SEC8492,"['US', 'Europe', 'Canada', 'Asia', 'Australia', 'India']"
884,VD784623,SEC8525,"['Asia', 'Canada', 'Europe']"
885,VD787965,LEU1052,"['Europe', 'US', 'India', 'Australia', 'Canada', 'Asia']"
886,VD787965,LEU1153,"['Asia', 'Australia', 'Europe', 'Canada', 'US']"
887,VD787965,LEU1589,"['Canada', 'Australia', 'US', 'Asia', 'India']"
888,VD787965,LEU1800,['Asia']
889,VD787965,LEU1922,"['US', 'India', 'Canada', 'Europe']"
890,VD787965,LEU3138,"['Canada', 'Europe', 'India']"
891,VD787965,LEU3244,['Europe']
892,VD787965,LEU3719,"['India', 'Australia', 'Asia']"
893,VD787965,LEU4178,"['Asia', 'Australia', 'US']"
894,VD787965,LEU5803,"['India', 'Asia', 'US', 'Australia', 'Europe', 'Canada']"
895,VD787965,LEU6871,"['Asia', 'Australia', 'Europe']"
896,VD787965,LEU7113,"['India', 'US', 'Asia', 'Europe']"
897,VD787965,LEU7224,"['Australia', 'Europe', 'Canada', 'US', 'Asia']"
898,VD787965,LEU7621,"['Canada', 'US', 'Australia', 'India', 'Asia']"
899,VD787965,LEU8346,"['Canada', 'US', 'Australia', 'Asia', 'India', 'Europe']"
900,VD796716,CON3589,"['Europe', 'Canada', 'India']"
901,VD796716,CON3853,"['Canada', 'Australia', 'Europe', 'US']"
902,VD796716,CON4605,"['Canada', 'Australia']"
903,VD796716,CON5253,"['India', 'Canada', 'Australia']"
904,VD796716,CON5895,['Global Certification']
905,VD796716,CON6590,"['US', 'Canada']"
906,VD796716,CON7228,"['India', 'Canada', 'Europe', 'Australia', 'Asia']"
907,VD796716,CON7434,"['Europe', 'Australia', 'Asia', 'US']"
908,VD796716,CON7465,"['Europe', 'Asia', 'Canada', 'Australia']"
909,VD796716,CON7583,"['India', 'Europe', 'Australia', 'US', 'Canada']"
910,VD796716,CON7654,"['Australia', 'US', 'India', 'Asia', 'Europe', 'Canada']"
911,VD796716,CON8579,"['Europe', 'Australia', 'Canada', 'Asia', 'US']"
912,VD796716,CON8641,"['Canada', 'US', 'Asia']"
913,VD796716,CON9577,"['Australia', 'Europe', 'US', 'Asia', 'India', 'Canada']"
914,VD796716,CON9855,"['Asia', 'Australia', 'India', 'Europe', 'Canada', 'US']"
915,VD797663,OMR1557,"['India', 'Asia', 'Europe', 'US']"
916,VD797663,OMR2939,"['India', 'US']"
917,VD797663,OMR3194,"['Canada', 'Australia']"
918,VD797663,OMR3621,"['Australia', 'India', 'US', 'Europe', 'Asia']"
919,VD797663,OMR4653,"['Australia', 'Europe', 'Canada', 'India', 'US', 'Asia']"
920,VD797663,OMR4718,"['Canada', 'Australia', 'India', 'US']"
921,VD797663,OMR5215,"['Canada', 'Asia', 'India', 'US', 'Europe', 'Australia']"
922,VD797663,OMR5996,"['Australia', 'Canada', 'Asia', 'Europe']"
923,VD797663,OMR5996,"['Europe', 'India', 'US', 'Canada', 'Australia']"
924,VD797663,OMR6131,"['US', 'Canada', 'Australia', 'India', 'Asia', 'Europe']"
925,VD797663,OMR6493,"['India', 'US']"
926,VD797663,OMR7049,"['Europe', 'Canada']"
927,VD797663,OMR7335,"['India', 'US', 'Europe', 'Canada', 'Asia']"
928,VD797663,OMR7524,"['Europe', 'India', 'Australia', 'Asia', 'Canada']"
929,VD797663,OMR8339,"['India', 'US']"
930,VD808887,FIN1096,"['India', 'Canada', 'Asia', 'US', 'Europe']"
931,VD808887,FIN2765,"['Europe', 'Canada']"
932,VD808887,FIN3170,['Australia']
933,VD808887,FIN3533,"['Australia', 'US', 'India', 'Canada']"
934,VD808887,FIN3743,"['India', 'US']"
935,VD808887,FIN3951,"['India', 'Australia', 'Canada']"
936,VD808887,FIN4766,['India']
937,VD808887,FIN5123,"['Australia', 'Europe']"
938,VD808887,FIN5961,"['India', 'US']"
939,VD808887,FIN7035,['Global Certification']
940,VD808887,FIN8135,"['Canada', 'US', 'Asia']"
941,VD808887,FIN8145,"['US', 'India']"
942,VD808887,FIN8161,['Asia']
943,VD808887,FIN8984,['Canada']
944,VD808887,FIN9424,"['Europe', 'Australia', 'Canada', 'India', 'US', 'Asia']"
945,VD852093,SB 1755,['Global Certification']
946,VD852093,SB 2097,"['Australia', 'Europe']"
947,VD852093,SB 2497,"['Asia', 'US', 'India', 'Europe', 'Canada']"
948,VD852093,SB 3162,"['India', 'Asia', 'US', 'Canada']"
949,VD852093,SB 3182,['Canada']
950,VD852093,SB 3567,"['India', 'Asia', 'Australia', 'US', 'Europe', 'Canada']"
951,VD852093,SB 4024,"['Europe', 'India', 'US']"
952,VD852093,SB 5053,"['Australia', 'US', 'Asia', 'Canada']"
953,VD852093,SB 5942,"['Australia', 'Canada', 'India', 'Asia', 'Europe', 'US']"
954,VD852093,SB 6128,"['Australia', 'Europe', 'India', 'US']"
955,VD852093,SB 6565,['Europe']
956,VD852093,SB 7079,"['Asia', 'Australia', 'US', 'Canada']"
957,VD852093,SB 7218,"['Asia', 'Australia', 'Europe', 'India']"
958,VD852093,SB 7924,"['Asia', 'India', 'Europe', 'Australia']"
959,VD852093,SB 8521,"['Australia', 'Europe', 'Canada', 'Asia', 'India', 'US']"
960,VD857914,MUR1288,"['Australia', 'India']"
961,VD857914,MUR1401,"['US', 'Australia', 'Canada']"
962,VD857914,MUR1729,"['Canada', 'India', 'US', 'Australia', 'Europe', 'Asia']"
963,VD857914,MUR2309,"['Australia', 'Europe', 'India', 'Asia']"
964,VD857914,MUR2569,"['Europe', 'India', 'Australia', 'Canada', 'Asia', 'US']"
965,VD857914,MUR3223,"['Asia', 'Australia', 'Canada']"
966,VD857914,MUR4333,"['Canada', 'India', 'Europe', 'US', 'Asia']"
967,VD857914,MUR4479,"['Canada', 'Europe', 'US', 'India', 'Australia', 'Asia']"
968,VD857914,MUR5360,['Asia']
969,VD857914,MUR6159,['US']
970,VD857914,MUR7900,"['India', 'Canada', 'Asia']"
971,VD857914,MUR8076,"['US', 'Australia', 'India', 'Asia', 'Europe']"
972,VD857914,MUR8618,"['Australia', 'US', 'Asia', 'India', 'Canada', 'Europe']"
973,VD857914,MUR9237,"['Europe', 'Asia', 'Australia']"
974,VD857914,MUR9914,"['Australia', 'Europe', 'US']"
975,VD864017,PIL1491,['Canada']
976,VD864017,PIL1794,"['Asia', 'Canada', 'India', 'Europe']"
977,VD864017,PIL2124,"['India', 'Australia', 'Europe', 'Asia']"
978,VD864017,PIL2887,['Global Certification']
979,VD864017,PIL4341,['Europe']
980,VD864017,PIL6157,"['Asia', 'US', 'Europe', 'Australia']"
981,VD864017,PIL6426,"['India', 'Australia', 'US', 'Canada', 'Asia', 'Europe']"
982,VD864017,PIL6527,"['Australia', 'Europe', 'India']"
983,VD864017,PIL6835,"['US', 'Europe']"
984,VD864017,PIL7562,"['Canada', 'US']"
985,VD864017,PIL7772,"['Europe', 'Australia']"
986,VD864017,PIL7944,"['India', 'Canada', 'Europe']"
987,VD864017,PIL8160,"['Canada', 'Europe', 'Asia', 'Australia']"
988,VD864017,PIL8509,"['Europe', 'India']"
989,VD864017,PIL9982,"['US', 'Canada', 'Australia']"
990,VD872172,KIN1944,['Canada']
991,VD872172,KIN2031,"['Europe', 'India', 'Canada', 'US', 'Asia']"
992,VD872172,KIN2303,"['Europe', 'Asia', 'US', 'India']"
993,VD872172,KIN2680,['Australia']
994,VD872172,KIN4258,"['Europe', 'US']"
995,VD872172,KIN4682,"['US', 'Canada', 'Australia', 'Europe']"
996,VD872172,KIN4896,"['Asia', 'India', 'US']"
997,VD872172,KIN5692,"['India', 'US', 'Australia', 'Europe', 'Canada']"
998,VD872172,KIN6565,"['Canada', 'Australia', 'Europe', 'US']"
999,VD872172,KIN6575,"['Asia', 'US']"
1000,VD872172,KIN7910,"['Canada', 'Australia', 'Europe']"
1001,VD872172,KIN8102,"['India', 'Canada']"
1002,VD872172,KIN9021,['Europe']
1003,VD872172,KIN9086,"['Asia', 'India', 'Canada', 'US']"
1004,VD872172,KIN9523,"['Europe', 'India', 'US', 'Canada', 'Australia', 'Asia']"
1005,VD872372,PAN1765,"['US', 'Canada']"
1006,VD872372,PAN2417,"['Europe', 'US']"
1007,VD872372,PAN2933,"['Canada', 'Asia', 'India', 'Australia', 'US']"
1008,VD872372,PAN3286,"['India', 'Australia', 'Europe', 'Canada', 'US', 'Asia']"
1009,VD872372,PAN3301,"['Europe', 'Canada', 'US']"
1010,VD872372,PAN3958,"['India', 'Asia', 'Europe', 'Australia']"
1011,VD872372,PAN5145,"['Australia', 'US']"
1012,VD872372,PAN5922,"['US', 'Europe']"
1013,VD872372,PAN5944,"['Asia', 'Europe', 'Canada', 'Australia']"
1014,VD872372,PAN5958,"['US', 'Europe', 'India']"
1015,VD872372,PAN6381,"['Australia', 'Asia']"
1016,VD872372,PAN8119,"['Asia', 'Australia', 'Canada', 'Europe']"
1017,VD872372,PAN8733,"['US', 'Canada', 'Europe', 'Asia']"
1018,VD872372,PAN9564,"['India', 'US', 'Australia']"
1019,VD872372,PAN9829,"['US', 'Australia', 'Asia']"
1020,VD883979,POW1122,"['Australia', 'US', 'Asia']"
1021,VD883979,POW1907,"['Asia', 'Europe', 'Canada', 'Australia', 'India']"
1022,VD883979,POW2498,['India']
1023,VD883979,POW2553,"['Australia', 'Asia']"
1024,VD883979,POW4260,"['Canada', 'US', 'India', 'Asia', 'Australia']"
1025,VD883979,POW4521,['Europe']
1026,VD883979,POW4868,"['Canada', 'US', 'Australia']"
1027,VD883979,POW5780,"['US', 'Australia', 'Canada', 'Europe']"
1028,VD883979,POW5909,"['US', 'Europe', 'Australia', 'Asia', 'Canada']"
1029,VD883979,POW5974,"['Europe', 'Canada', 'US']"
1030,VD883979,POW6287,"['India', 'Australia', 'Canada']"
1031,VD883979,POW6554,"['US', 'Europe']"
1032,VD883979,POW6565,"['US', 'India', 'Europe', 'Australia', 'Canada', 'Asia']"
1033,VD883979,POW6712,"['Europe', 'Asia']"
1034,VD883979,POW8745,['India']
1035,VD899831,PRA1251,"['Australia', 'US', 'India', 'Europe', 'Canada', 'Asia']"
1036,VD899831,PRA1743,"['Asia', 'Europe', 'Australia']"
1037,VD899831,PRA2443,"['US', 'Europe', 'India', 'Canada', 'Asia']"
1038,VD899831,PRA3351,"['Asia', 'India', 'Canada', 'Australia', 'Europe', 'US']"
1039,VD899831,PRA4679,"['US', 'Europe', 'Australia', 'Canada', 'India', 'Asia']"
1040,VD899831,PRA4937,"['Canada', 'US', 'Australia', 'Asia']"
1041,VD899831,PRA5779,"['Australia', 'Europe']"
1042,VD899831,PRA6067,"['Asia', 'Australia', 'US', 'Canada', 'Europe', 'India']"
1043,VD899831,PRA6073,['US']
1044,VD899831,PRA7255,"['Australia', 'Asia', 'US', 'Canada']"
1045,VD899831,PRA7326,['US']
1046,VD899831,PRA7462,"['Europe', 'India']"
1047,VD899831,PRA7700,['Global Certification']
1048,VD899831,PRA8341,"['India', 'Canada', 'Europe']"
1049,VD899831,PRA9971,['Global Certification']
1050,VD904014,MOT1156,"['Asia', 'US', 'Europe', 'India', 'Canada', 'Australia']"
1051,VD904014,MOT1546,"['India', 'Australia']"
1052,VD904014,MOT4337,['Canada']
1053,VD904014,MOT4524,"['Canada', 'Asia', 'Australia', 'Europe', 'US']"
1054,VD904014,MOT6060,"['Asia', 'Canada', 'Europe', 'Australia', 'India', 'US']"
1055,VD904014,MOT6485,"['Asia', 'Europe', 'India', 'Canada', 'US', 'Australia']"
1056,VD904014,MOT6729,"['India', 'Canada']"
1057,VD904014,MOT6844,['India']
1058,VD904014,MOT6910,['Global Certification']
1059,VD904014,MOT6913,"['Europe', 'US', 'Asia', 'India', 'Canada', 'Australia']"
1060,VD904014,MOT7128,"['US', 'Canada', 'Australia']"
1061,VD904014,MOT7793,"['Europe', 'India', 'US']"
1062,VD904014,MOT8770,"['India', 'US', 'Asia', 'Australia', 'Canada', 'Europe']"
1063,VD904014,MOT8785,"['Australia', 'Canada', 'India', 'US']"
1064,VD904014,MOT8893,"['Europe', 'India', 'Asia']"
1065,VD905465,IKO4316,"['Australia', 'Asia', 'Europe', 'US']"
1066,VD905465,IKO4731,"['India', 'Australia', 'US', 'Asia', 'Canada', 'Europe']"
1067,VD905465,IKO6474,"['Canada', 'Asia']"
1068,VD905465,IKO6652,"['US', 'Australia', 'India', 'Canada']"
1069,VD905465,IKO6860,"['Australia', 'India', 'Canada']"
1070,VD905465,IKO6959,"['Asia', 'Australia', 'Europe', 'US', 'Canada']"
1071,VD905465,IKO7166,"['Canada', 'Australia', 'US', 'India', 'Asia', 'Europe']"
1072,VD905465,IKO7668,['Australia']
1073,VD905465,IKO8063,"['Australia', 'US', 'Europe', 'Asia', 'Canada', 'India']"
1074,VD905465,IKO8414,"['Canada', 'Asia', 'Europe', 'US', 'Australia', 'India']"
1075,VD905465,IKO8817,"['India', 'US', 'Australia', 'Asia', 'Canada']"
1076,VD905465,IKO9134,"['US', 'India', 'Canada', 'Asia', 'Australia', 'Europe']"
1077,VD905465,IKO9470,"['Canada', 'US']"
1078,VD905465,IKO9529,"['Australia', 'Canada', 'Asia', 'India']"
1079,VD905465,IKO9943,['Canada']
1080,VD906092,SEW1417,"['Australia', 'US', 'Europe', 'Asia', 'India', 'Canada']"
1081,VD906092,SEW1438,"['India', 'Canada']"
1082,VD906092,SEW1613,"['Europe', 'US', 'India', 'Australia']"
1083,VD906092,SEW1884,"['India', 'Europe', 'Australia']"
1084,VD906092,SEW2390,"['Europe', 'Australia', 'US', 'India']"
1085,VD906092,SEW2937,['Asia']
1086,VD906092,SEW4265,"['US', 'Australia', 'India', 'Europe', 'Canada']"
1087,VD906092,SEW5145,"['India', 'Europe', 'Canada', 'Asia']"
1088,VD906092,SEW5300,"['Europe', 'Australia', 'Asia']"
1089,VD906092,SEW5961,['Australia']
1090,VD906092,SEW7382,"['Europe', 'Canada', 'Asia', 'US']"
1091,VD906092,SEW7729,"['US', 'India']"
1092,VD906092,SEW7759,['Global Certification']
1093,VD906092,SEW8052,['US']
1094,VD906092,SEW9480,"['US', 'Asia', 'Australia', 'India']"
1095,VD910788,MUI2164,"['Australia', 'Asia', 'Canada', 'US']"
1096,VD910788,MUI2585,"['Australia', 'US', 'Canada', 'India', 'Europe']"
1097,VD910788,MUI3091,"['Canada', 'Europe', 'Australia', 'US', 'India']"
1098,VD910788,MUI3157,"['Europe', 'India', 'Australia', 'US', 'Asia', 'Canada']"
1099,VD910788,MUI4760,['India']
1100,VD910788,MUI5046,"['Asia', 'Australia']"
1101,VD910788,MUI5052,"['Australia', 'US', 'Asia']"
1102,VD910788,MUI5642,['India']
1103,VD910788,MUI6670,"['Asia', 'Canada', 'India', 'Australia']"
1104,VD910788,MUI6747,['Europe']
1105,VD910788,MUI7436,"['Asia', 'Europe', 'Canada']"
1106,VD910788,MUI7581,"['Asia', 'Europe', 'US', 'Canada', 'India']"
1107,VD910788,MUI8167,"['Europe', 'Asia', 'Canada']"
1108,VD910788,MUI8251,"['Asia', 'US']"
1109,VD910788,MUI9391,"['Asia', 'US', 'India', 'Australia', 'Canada', 'Europe']"
1110,VD911607,UNI2179,"['US', 'Europe', 'Asia', 'Australia']"
1111,VD911607,UNI2375,"['Australia', 'Europe', 'Canada', 'US']"
1112,VD911607,UNI2418,"['Canada', 'India', 'Australia', 'Asia', 'US', 'Europe']"
1113,VD911607,UNI2946,['US']
1114,VD911607,UNI3536,"['US', 'Canada', 'Australia', 'India']"
1115,VD911607,UNI3580,"['US', 'Canada', 'India', 'Europe', 'Asia']"
1116,VD911607,UNI3814,"['India', 'Asia', 'Canada']"
1117,VD911607,UNI3996,"['Australia', 'India', 'US', 'Asia']"
1118,VD911607,UNI4713,"['US', 'Europe', 'India']"
1119,VD911607,UNI4853,"['India', 'Europe']"
1120,VD911607,UNI5027,"['Australia', 'Canada']"
1121,VD911607,UNI6307,['Global Certification']
1122,VD911607,UNI6403,"['Asia', 'India', 'US']"
1123,VD911607,UNI6919,"['US', 'Canada', 'Asia']"
1124,VD911607,UNI7440,"['Australia', 'Europe', 'Canada', 'India', 'Asia', 'US']"
1125,VD942433,MUN1623,"['Europe', 'India', 'US', 'Australia', 'Canada']"
1126,VD942433,MUN2829,"['US', 'Canada']"
1127,VD942433,MUN2920,"['US', 'Australia', 'Asia', 'India', 'Canada']"
1128,VD942433,MUN3093,"['US', 'Canada', 'Europe', 'Asia']"
1129,VD942433,MUN3763,"['Europe', 'Asia', 'Australia', 'India', 'US']"
1130,VD942433,MUN4282,['Global Certification']
1131,VD942433,MUN4959,['Australia']
1132,VD942433,MUN5412,"['India', 'Asia', 'Europe', 'Canada', 'Australia', 'US']"
1133,VD942433,MUN5927,"['Asia', 'Canada']"
1134,VD942433,MUN6209,['Asia']
1135,VD942433,MUN6370,"['Asia', 'Australia', 'US']"
1136,VD942433,MUN6495,"['India', 'Canada', 'Europe', 'US', 'Australia', 'Asia']"
1137,VD942433,MUN7889,"['US', 'Canada', 'Asia', 'India', 'Europe', 'Australia']"
1138,VD942433,MUN7961,"['US', 'Australia']"
1139,VD942433,MUN8909,"['Asia', 'Europe']"
1140,VD951837,THI1043,"['Europe', 'US', 'Australia']"
1141,VD951837,THI1096,"['Asia', 'Australia', 'US', 'India']"
1142,VD951837,THI1352,['India']
1143,VD951837,THI2162,['Europe']
1144,VD951837,THI2981,"['Australia', 'US', 'India', 'Asia']"
1145,VD951837,THI3020,['Asia']
1146,VD951837,THI3152,['Australia']
1147,VD951837,THI3940,"['Europe', 'US']"
1148,VD951837,THI4913,"['US', 'India', 'Australia', 'Europe', 'Asia', 'Canada']"
1149,VD951837,THI6021,"['Asia', 'India']"
1150,VD951837,THI6096,"['Canada', 'US']"
1151,VD951837,THI6303,"['US', 'India']"
1152,VD951837,THI8222,"['Canada', 'Europe', 'Australia', 'US', 'India', 'Asia']"
1153,VD951837,THI8497,"['Australia', 'Canada', 'India', 'Asia', 'Europe', 'US']"
1154,VD951837,THI9372,['Australia']
1155,VD963914,A.K2618,"['Europe', 'India', 'US', 'Asia', 'Canada']"
1156,VD963914,A.K2835,['Australia']
1157,VD963914,A.K3015,['Asia']
1158,VD963914,A.K3501,"['India', 'Europe', 'US', 'Australia', 'Asia', 'Canada']"
1159,VD963914,A.K4078,"['Europe', 'Australia', 'Canada', 'US', 'India', 'Asia']"
1160,VD963914,A.K4844,['Global Certification']
1161,VD963914,A.K5055,"['US', 'Canada', 'India']"
1162,VD963914,A.K5365,"['Australia', 'Asia']"
1163,VD963914,A.K7907,"['Canada', 'US', 'Europe', 'Asia', 'India', 'Australia']"
1164,VD963914,A.K8257,"['Canada', 'Australia', 'India']"
1165,VD963914,A.K8633,['Global Certification']
1166,VD963914,A.K8768,"['Canada', 'Europe', 'US']"
1167,VD963914,A.K9141,"['Europe', 'Asia']"
1168,VD963914,A.K9426,"['US', 'Europe', 'Canada']"
1169,VD963914,A.K9547,"['Europe', 'Australia', 'India', 'US']"
1170,VD994773,NEX1158,"['Australia', 'Europe']"
1171,VD994773,NEX1465,"['Canada', 'Asia', 'Australia', 'India', 'US']"
1172,VD994773,NEX1715,"['India', 'Europe', 'Australia', 'US', 'Canada']"
1173,VD994773,NEX2241,"['Europe', 'India', 'Australia']"
1174,VD994773,NEX2874,"['US', 'Europe', 'India', 'Australia', 'Asia', 'Canada']"
1175,VD994773,NEX2967,['Global Certification']
1176,VD994773,NEX5218,"['Australia', 'Canada', 'Europe', 'India', 'Asia']"
1177,VD994773,NEX5641,"['Europe', 'Australia', 'Canada', 'Asia']"
1178,VD994773,NEX6122,"['US', 'Canada', 'Europe', 'Asia']"
1179,VD994773,NEX6347,['Global Certification']
1180,VD994773,NEX6415,"['US', 'Australia', 'India', 'Europe']"
1181,VD994773,NEX7756,"['India', 'Canada', 'Australia', 'Europe', 'US', 'Asia']"
1182,VD994773,NEX8264,['Europe']
1183,VD994773,NEX9316,"['US', 'Canada', 'India', 'Asia']"
1184,VD994773,NEX9576,"['Asia', 'US']"
1185,VD996609,GLO1008,"['Europe', 'India', 'US', 'Australia', 'Asia']"
1186,VD996609,GLO1112,['Australia']
1187,VD996609,GLO1645,"['Canada', 'US', 'Australia', 'India', 'Europe']"
1188,VD996609,GLO3201,"['Canada', 'Europe', 'Australia', 'Asia', 'India', 'US']"
1189,VD996609,GLO3241,['Canada']
1190,VD996609,GLO3622,"['Europe', 'Asia', 'Canada', 'India']"
1191,VD996609,GLO4503,"['US', 'Australia', 'India', 'Asia', 'Europe']"
1192,VD996609,GLO6684,['Australia']
1193,VD996609,GLO6784,"['India', 'US', 'Asia', 'Europe', 'Canada', 'Australia']"
1194,VD996609,GLO7775,"['Canada', 'Asia']"
1195,VD996609,GLO8255,['India']
1196,VD996609,GLO8285,['US']
1197,VD996609,GLO8484,"['Canada', 'Europe', 'US', 'Australia']"
1198,VD996609,GLO8620,['Australia']
1199,VD996609,GLO9808,"['Canada', 'US', 'Europe', 'Asia']"
