,SUPPLIER_CODE,SUPPLIER_NAME
0,VCD000001,AMADA (INDIA) PVT LTD
1,VCD000011,GAINWELL COMMOSALES PRIVATE LIMITED
2,VCD000012,ELECTROMECH FIRE FIGHTERS PVT. LTD.
3,VCD000016,KINGSPAN JINDAL PRIVATE LIMITED
4,VCD000018,ACE DESIGNERS LIMITED
5,VCD000019,SHRI BALAJI TRADERS
6,VCD000022,CRESCENT TECHNO SOLUTIONS PVT LTD
7,VCD000025,ELECTROMECH MATERIAL HANDLING SYSTEMS (INDIA) PVT. LTD.
8,VCD000029,ATLAS COPCO INDIA LIMITED
9,VCD000030,KION INDIA PVT LTD
10,VCD000032,KHOKHAR ELELCTRICALS PVT. LTD.
11,VCD000035,BINARY GLOBAL LIMITED
12,VCD000036,S&T ENGINEERS PRIVATE LIMITED
13,VCD000037,IRUS ENGINEERING PVT LTD
14,VCD000038,VANTAGE INTEGRATED SECURITY SOLUTIONS PRIVATE LIMITED
15,VCD000042,JPS ENGINEERS
16,VCD000043,KEI INDUSTRIES LTD.
17,VCD000044,METTLER-TOLEDO INDIA PVT. LTD.
18,VCD000045,ALPINE INDUSTRIAL SOLUTION
19,VCD000047,TECHCRAFT ENGINEERING SOLUTIONS
20,VCD000050,S. D. ELECTRICAL
21,VCD000051,MAK ENGINEERING SERVICES
22,VCD000052,MULTICUT MACHINE TOOLS
23,VCD000054,JAGDEEP FOUNDRY
24,VCD000055,NILKAMAL STORAGE SYSTEMS PRIVATE LIMITED
25,VCD000056,PRAJA CONTROLS & SYSTEMS PVT LTD
26,VCD000058,SCHMALZ INDIA PVT. LTD.
27,VCD000061,JENDAMARK INDIA PRIVATE LIMITED
28,VCD000062,UNITED ENGIFAB PVT. LTD.
29,VCD000063,ENCONSYS PRIVATE LIMITED
30,VCD000065,BANKA MACHINE
31,VCD000066,MB ENTERPRISE
32,VCD000067,VARIETY INNOVATION VENTURE PVT LTD
33,VCD000070,STORAGE TECHNOLOGIES AND AUTOMATION PVT LTD
34,VCD000071,SHRI KISHAN MAHESH KUMAR
35,VCD000101,ZROJO SOLUTIONS PRIVATE LIMITED
36,VCD000102,FANUC INDIA PVT. LTD.
37,VCD000103,WUERTH INDUSTRIAL SERVICES INDIA PRIVATE LIMITED
38,VCD000104,ZERO DEGREE HVAC SOLUTIONS
39,VCD000105,ARH TECHNOLOGIES PRIVATE LIMITED
40,VCD000106,GURUJI STEEL TRADING
41,VCD000108,BOMBAY TOOLS SUPPLYING AGENCY
42,VCD000109,SPARKH ENGINEERS & TECHNOLOGIES
43,VCD000112,AIRTECH COOLING PROCESS PVT LTD.
44,VCD000114,P2 POWER SOLUTIONS PRIVATE LIMITED
45,VCD000116,EVOKE GLOBAL
46,VCD000117,ROOTS MULTICLEAN LTD
47,VCD000118,LUTHRA PRECISION INSTRUMENTS PVT. LTD.
48,VCD000120,OZZMAKER
49,VCD000122,RM KITCHEN EQUIPMENTS PVT. LTD.
50,VCD000123,ASHISH RAILS PRIVATE LIMITED.
51,VCD000124,RAJESH AND COMPANY
52,VCD000125,NILKAMAL LIMITED
53,VCD000126,NILKAMAL LIMITED
54,VCD000127,JBSS SIGNAGES PVT. LTD
55,VCD000128,VAIBHAVI INDUSTRIES
56,VCD000130,SEW EURODRIVE INDIA P LTD
57,VCD000131,A J ENTERPRISES
58,VCD000132,LOOM CRAFTS SHADE SYSTEMS PVT LTD
59,VCD000133,MANU REFRIGERATION
60,VCD000134,U LIKE GRAPHIC
61,VCD000136,INDOTECH ENGINEERS
62,VCD000138,TEKNICS INDIA
63,VCD000139,ARIHANT SECURITY SOLUTION
64,VCD000141,TRIMOS INDIA PRIVATE LIMITED
65,VCD000142,SIYARAM INTERNATIONAL
66,VCD000144,BDL ENGINEERING PRIVATE LIMITED
67,VCD000145,FARO BUSINESS TECHNOLOGIES INDIA PVT LTD
68,VCD000146,BANBROS ENGINEERING PVT. LTD.
69,VCD000149,PASTICHE ENERGY SOLUTIONS PRIVATE LIMITED
70,VCF000040,MIAS MATERIALS HANDLING (KUNSHAN) CO. LTD.
71,VCF000053,"RSM MACHINERY CO.,LTD"
72,VCF000201,WORKAROUND GMBH (PROGLOVE)
73,VD000003,KYB CONMAT PVT. LTD.
74,VD000005,NEONICA PRINTERS
75,VD000009,RELIABLE COMNET PVT. LTD.
76,VD000020,SMC CORPORATION (INDIA) PVT LTD
77,VD000023,CIRCUIT SYSTEMS (INDIA) LIMITED
78,VD000040,WATRANA TRACTION PVT. LTD.
79,VD000059,SOURCE WELL
80,VD000064,TANOTIS
81,VD000068,SICK INDIA PVT. LTD.
82,VD000073,MOUSER ELECTRONICS
83,VD000081,EXCEL INTERIOR SOLUTIONS
84,VD000084,ELEMENT14 INDIA PVT LTD
85,VD000105,SUNROM ELECTRONICS
86,VD000106,COTMAC ELECTRONICS PVT. LTD.
87,VD000110,JRM SOLUTION
88,VD000113,LEUZE ELECTRONICS PVT. LTD.
89,VD000120,TIMES MARKETING PRIVATE LIMITED
90,VD000126,ROBU.IN
91,VD000131,UNITED CONTROL ENGINEERS
92,VD000134,SEW EURODRIVE INDIA (P) LTD
93,VD000135,SPECIALITY URETHANES PRIVATE LIMTIED
94,VD000136,OMRON AUTOMATION PVT LTD
95,VD000138,ACTIVE POWER CORPORATION
96,VD000151,SHRI DURGA STEEL FABRICATION & SUPPLIERS
97,VD000156,ONYX EQUIPMENTS  (INDIA) PVT. LTD.
98,VD000177,GOLDEN TRADERS
99,VD000193,SIGNET POWER
100,VD000199,KABEER INFOTECH SYSTEMS INDIA PVT LTD - DELHI
101,VD000205,INTER ROLL INDIA PRIVATE LIMITED
102,VD000208,SHARMA WOODEN PACKERS
103,VD000223,TOSHIBA INDIA PVT LTD
104,VD000224,ULTRALIFE BATTERIES INDIA PRIVATE LIMITED
105,VD000232,SHYAM SALES CORPORATION
106,VD000243,PRAKASH ELECTRIC COMPANY
107,VD000244,J.K.TECHNOLOGIES (P) LTD.
108,VD000249,SCHMALZ INDIA PVT. LTD. - UNIT II
109,VD000253,BANNER ENGINEERING INDIA PRIVATE LIMITED
110,VD000268,CLOUDTAIL INDIA PRIVATE LIMITED- HARYANA
111,VD000274,BDI INDIA PRIVATE LIMITED
112,VD000290,LPM PLASTIC & BELTING CO.
113,VD000293,BALAJI COPIER
114,VD000298,FORMING INDIA PVT. LTD.
115,VD000310,DELHI TOOLS
116,VD000316,PALAK INDUSTRIES
117,VD000321,PRECIA MOLEN INDIA PVT LTD
118,VD000326,HCS POWER VENTURES PVT LTD
119,VD000340,SHAIL INTERNATIONAL PVT. LTD.
120,VD000342,ABB INDIA LIMITED
121,VD000349,MUII BUSINESS ASSOCIATES PRIVATE LIMITED
122,VD000373,EVALUABLE INFOSERVE PVT LTD
123,VD000385,UNIVERSAL ELECTRONIC AGENCIES
124,VD000395,POOJA ENGINEERING WORKS
125,VD000442,NILKAMAL BITO STORAGE SYSTEMS PVT LTD
126,VD000449,INDEANA ENGINEERING
127,VD000450,SHREE SAI SOLUTIONS
128,VD000471,SECURITAS ENGINEERS
129,VD000478,IGUS INDIA PRIVATE LIMITED
130,VD000494,MG AUTOMATION TECHNOLOGIES
131,VD000502,ADROITEC INFORMATION SYSTEMS PVT.LTD.
132,VD000508,ZEN AUTOMATION
133,VD000510,SAITECH
134,VD000513,ADVANTECH INDUSTRIAL COMPUTING INDIA PVT LTD
135,VD000514,JPS ENGINEERS
136,VD000515,ERICH MAGNETICS
137,VD000532,KUDAMM CORPORATION
138,VD000541,MAAN ALUMINIUM LIMITED
139,VD000549,ALPS TRANSMISSIONS
140,VD000555,MONICA ELECTRICALS AND MODULAR KITCHENS
141,VD000559,KUNAL TOOLS
142,VD000561,PEPPERL+FUCHS FACTORY AUTOMATION PVT. LTD
143,VD000568,AMRITA ENGINEERING WORKS
144,VD000569,NEONICA PRINTERS
145,VD000570,CART2INDIA ONLINE RETAIL PRIVATE LIMITED
146,VD000578,SIEMENS INDUSTRY SOFTWARE INDIA PVT
147,VD000583,DELL INTERNATIONAL SERVICES INDIA PRIVATE LIMITED
148,VD000588,SHREE KRISHNA ENTERPRISES
149,VD000590,H S ELECTRONICS
150,VD000596,SAGGU PRECISION TOOLS
151,VD000600,SVB BEARINGS PVT.LTD.
152,VD000604,RHYDO TECHNOLOGIES PVT LTD
153,VD000606,TIF LABS PRIVATE LIMITED
154,VD000608,SARLA ADVANTECH PVT. LTD.
155,VD000613,RS COMPONENTS & CONTROLS (I) LTD.
156,VD000627,HILTI (INDIA) PVT. LTD.
157,VD000633,SALICON NANO TECHNOLOGY PVT LTD
158,VD000634,ELESA AND GANTER INDIA PRIVATE LIMITED
159,VD000638,ROECHLING ENGINEERING PLASTICS INDIA PVT LTD
160,VD000640,BECKHOFF AUTOMATION PVT LTD
161,VD000642,RENOLD CHAIN INDIA PRIVATE LIMITED
162,VD000645,EFFISTACK INDIA PRIVATE LIMITED
163,VD000656,GLOBAL MOTION SOLUTIONS PVT. LTD
164,VD000668,SEW EURODRIVE INDIA PVT. LTD.- PUNE
165,VD000669,SUZBIS INTERNATIONAL
166,VD000672,MICRO NOVA IMPEX PVT LTD
167,VD000692,FESTO INDIA PRIVATE LIMITED
168,VD000693,CONDUCTIX-WAMPFLER INDIA PVT LTD
169,VD000698,RAJINDRA ELECTRONICS
170,VD000706,BHEJO ECOMMERCEPVT LTD
171,VD000710,RITIKA ENGINEERING & AUTOMATON
172,VD000716,EVERSHINE METAL MESH CO.
173,VD000722,EVELTA ELECTRONICS PVT LTD
174,VD000739,PEPPERL & FUCHS (INDIA) PVT.LTD
175,VD000751,JHA PLASTIC & HOUSE KEEPING
176,VD000773,ROLLON INDIA PVT LTD
177,VD000804,MACFOS PRIVATE LIMITED
178,VD000805,NATIONAL ENGINEERING INDUSTRIES LIMITED
179,VD000829,GECON GLOBAL
180,VD000851,LABSGURU TECHNOLOGIES PVT. LTD.
181,VD000853,MKSK OFFICE SOLUTIONS LLP
182,VD000861,RAJGURU ELECTRONICS (I) PVT. LTD.
183,VD000874,A. G. BELTING PVT LTD.
184,VD000894,FORBO SIEGLING MOVEMENT SYSTEM INDIA  PVT LTD
185,VD000902,MEGA FIBRE PVT LTD
186,VD000915,DIAGNOSTIC AUTOMATION & CONTROLS PVT. LTD.
187,VD000958,MOVEX AG (INDIA) PRIVATE LIMITED
188,VD000962,TAC AUTOMATION PVT.LTD- UP
189,VD000974,APPARIO RETAIL PRIVATE LTD - GJ
190,VD000983,ENAPROS
191,VD000990,NIEDAX INDIA CABLE MANAGEMENT SYSTEMS PVT. LTD.
192,VD001014,PRAGGYA ENTERPRISES
193,VD001044,ROLLMANN TRADING COMPANY
194,VD001050,MAX ENGINEERING & AUTOMATION PVT. LTD
195,VD001061,APPARIO RETAIL PVT. LTD.-HR
196,VD001083,WAKEFIT INNOVATION PRIVATE LIMITED
197,VD001089,APPARIO RETAIL  PRIVATE LTD HYD
198,VD001105,WURTH INDIA PVT LTD
199,VD001134,PHOENIX MECANO INDIA P. LTD.
200,VD001138,NILKAMAL LIMITED NOIDA
201,VD001168,PHOENIX MECANO (INDIA) PVT.LIMITED
202,VD001189,IMAGINARIUM RAPID PVT LTD
203,VD001209,BHL POWER SYSTEM PVT LTD
204,VD001226,SUPERTECH MULTIFAB PVT LTD
205,VD001234,3D ENGINEERING AUTOMATION LLP
206,VD001246,TAVAKKAL E COMMERCE
207,VD001247,UNEECOPS WORKPLACE SOLUTIONS PRIVATE LIMITED
208,VD001253,PHILLIPS MACHINE TOOLS INDIA PVT LTD
209,VD001258,CKS CABLE SOLUTIONS PVT LTD
210,VD001275,PHOENIX CONTACT INDIA PVT LTD
211,VD001353,SNF SALES CORPORATION
212,VD001355,POWER MECH TECH ENGINEERS
213,VD001356,INTRALOX INDIA PRIVATE LIMITED
214,VD001367,BLC ENGINEERING SERVICES
215,VD001382,BEARING TRADERS (I) PVT. LTD.
216,VD001386,KULKARNI TRANSPOWER PVT LTD
217,VD001411,INDIAN SOLENOIDS
218,VD001437,HIRA SWEETS & CONFECTIONARY PVT. LTD
219,VD001467,HI-TECH PRINT & PACKAGING
220,VD001484,SONEY ENGRAVOCRAFT
221,VD001500,MURRELEKTRONIK PVT LTD
222,VD001510,PANASONIC INDIA PVT LTD
223,VD001513,UNITED CONTROL ENGINEERS INDIA PRIVATE LIMITED
224,VD001514,CHAND COMPANY
225,VD001518,HINDUSTAN RUBBER INDUSTRIES
226,VD001519,VASHI INTEGRATED SOLUTIONS
227,VD001539,STORAGE TECHNOLOGIES AND AUTOMATION PRIVATE LIMITED
228,VD001540,IFM ELECTRONIC INDIA PRIVATE LIMITED
229,VD001542,TOOLS SOLUTIONS
230,VD001544,KONECRANES AND DEMAG PRIVATE LIMITED
231,VD001557,APPARIO RETAIL PRIVATE LTD MAH
232,VD001566,SHREE JAGDAMBA PLASTICS
233,VD001567,KONECRANES AND DEMAG PRIVATE LIMITED
234,VD001568,BAR CODE INDIA LIMITED
235,VD001570,STAUBLI TEC SYSTEMS INDIA PVT LTD
236,VD001571,NEFAB INDIA PVT LTD
237,VD001583,VIDISHA SALES CORPORATION
238,VD001590,WURTH ELEKTRONICS SERVICES INDIA PVT LTD.
239,VD001597,RADIUS SYSTEMS PVT LTD
240,VD001614,ITG SOFTWARE ENGINEERING (I) PVT. LTD
241,VD001641,VENUS INJECTOPLAST PRIVATE LIMITED
242,VD001653,AKASH SALES CORPORATION
243,VD001658,APPARIO RETAIL PRIVATE LTD - KARNATAKA
244,VD001659,HI-TECH ENTERPRISE
245,VD001666,MULTICUT MACHINE TOOLS
246,VD001673,FERRO FOUNDRIES PVT. LTD
247,VD001685,TAP MASTER
248,VD001689,ZERO DEGREE HVAC SOLUTIONS
249,VD001695,MGM VARVEL POWER TRANSMISSION PVT LTD
250,VD001696,CONTROL TECH SOLUTIONS
251,VD001706,A.K. TOOLS
252,VD001709,AVRS FIRE SAFETY
253,VD001720,APC SWITCHGEARS & CONTROLS
254,VD001746,HILTI INDIA PVT. LTD. (HARYANA)
255,VD001748,PHILLIPS MACHINE TOOLS INDIA PRIVATE LIMITED (BHIWADI)
256,VD001760,UNEECOPS BUSINESS SOLUTIONS PVT. LTD.
257,VD001761,MST MANUFACTURING SOLUTIONS PRIVATE LIMITED
258,VD001767,MGM VARVEL POWER TRANSMISSION PVT LTD
259,VD001777,MISUMI INDIA PVT. LTD.
260,VD001784,RIDHAN INDUSTRIES
261,VD001787,YOUNGMAN INDIA PVT LTD
262,VD001789,BUSINESS ONLINE
263,VD001807,GLOBAL ALUMINIUM PVT. LIMITED
264,VD001810,TUSSOR MACHINE TOOLS INDIA PVT LTD
265,VD001818,ABC TECHNOLOGIES
266,VD001820,MST MANUFACTURING SOLUTIONS PRIVATE LIMITED
267,VD001821,THE ROLLER BEARING CO (DELHI)
268,VD001822,SANGHVI OVERSEAS INCORPORATION
269,VD001831,ELECTROMECH FIRE FIGHTERS PVT. LTD.
270,VD001832,GRIT MANUFACTURERS AND TRADERS.
271,VD001863,MULTIDIMENSIONS
272,VD001870,SAITECH IT PRIVATE LIMITED
273,VD001878,MUVTONS CASTORS PVT LTD
274,VD001880,SPARKH ENGINEERS & TECHNOLOGIES
275,VD001889,WENGLOR SENSORIC INDIA PRIVATE LIMITED
276,VD001903,A.K ENTERPRISES
277,VD001924,METTLER-TOLEDO INDIA PRIVATE LIMITED
278,VD001936,SONEPAR INDIA PRIVATE LIMITED
279,VD001953,NXT TRADE & AGENCY SERVICES INDIA PVT LTD
280,VD001956,BONFIGLIOLI TRANSMISSION PVT LTD
281,VD001959,A V ENGINEERS
282,VD001960,TECHTRONICS AUTOMATION
283,VD001964,SAI ENTERPRISES
284,VD001965,EXICOM TELE-SYSTEMS LIMITED
285,VD001966,NEXGEN INDUSTRIAL SOLUTIONS PRIVATE LIMITED
286,VD001971,RENISHAW METROLOGY SYSTEMS LIMITED
287,VD001991,ROBOMART.COM
288,VD002001,ALPINE INDUSTRIAL SOLUTION
289,VD002002,WUERTH INDUSTRIAL SERVICES INDIA PVT LTD
290,VD002003,MAINI MATERIALS MOVEMENT PVT LTD
291,VD002004,PHOENIX MECANO INDIA PRIVATE LIMITED-PUNE
292,VD002008,FINE TECH CONTROLS PVT. LTD.
293,VD002013,B.H.A. INDUSTRIES
294,VD002030,JSS SYNDICATE
295,VD002040,CABLE SALES AND SERVICES (INDIA) PVT LTD
296,VD002050,AIR LIQUIDE NORTH INDIA PRIVATE LIMITED
297,VD002074,KHUSHBOO SCIENTIFIC PVT.LTD.
298,VD002083,DESIGNSENSE SOFTWARE TECHNOLOGIES PRIVATE LIMITED
299,VD002085,AMAN INDUSTRIES
300,VD002091,GANDHI AUTOMATIONS PRIVATE LIMITED
301,VD002092,PANASONIC INDIA PRIVATE LIMITED-TN
302,VD002093,SHRI BALAJI TRADERS
303,VD002100,ZOHO TECHNOLOGIES PRIVATE LIMITED
304,VD002114,MURRPLASTIK INDIA PRIVATE LIMITED
305,VD002116,SEW EURODRIVE INDIA PVT. LTD-GURGAON
306,VD002119,HILTI INDIA PRIVATE LIMITED-BANGALORE
307,VD002122,S.S ELECTRONICS
308,VD002134,FLINT MERCHANDISING LLP
309,VD002135,BELLISSIMO SOLUTIONS PRIVATE LTD
310,VD002140,VISION AUTOMATION & ENGINEERING SOLUTIONS
311,VD002145,DAZZLE ROBOTICS PVT. LTD.
312,VD002162,INVENTO SALES CORPORATION
313,VD002173,JYOTI EQUIPMENTS PRIVATE LIMITED.
314,VD002183,COLDWIRE TECHNOLOGIES PRIVATE LIMITED
315,VD002187,ARYA ENGINEERS
316,VD002189,DELTA ELECTRONICS INDIA PVT. LTD.
317,VD002235,"ROCKWELL AUTOMATION INDIA PVT.LTD,"
318,VD002242,T M ENGINEERING EQUIPMENTS
319,VD002249,OKAYA POWER PRIVATE LIMITED
320,VD002267,SHYAMNAGAR SERVICE STATION
321,VD002270,VANTAGE INTEGRATED SECURITY SOLUTIONS PRIVATE LIMITED
322,VD002271,SIEMENS LTD.-MUMBAI
323,VD002273,BANDMA EQUIPCORP LIMITED
324,VD002277,INDIAN AEROSOLS PVT. LTD.
325,VD002298,TUFKOTE AUTOMOTIVE PRIVATE LIMITED
326,VD002310,ASIAN PAINTS PPG PVT LTD
327,VD002313,TACK INNOVATIONS
328,VD002320,JOTUN INDIA PVT. LTD.
329,VD002321,VISIONARY PRODUCTS
330,VD002325,TELANG ELECTRICALS
331,VD002328,GANGA SRI ENTERPRISES
332,VD002354,S PERFECT
333,VD002356,THIRDWAVE RUGGEDTECH PVT. LTD.
334,VD002358,PROFFER IT CONSULTANCY PRIVATE LIMITED
335,VD002362,PINNACLE ENTERPRISES
336,VD002397,GURUJI STEEL TRADING
337,VD002401,SD ELECTRICAL
338,VD002418,H M GULAMALI
339,VD002421,RAJ DAIRY
340,VD002424,SM ELECTRONIC TECHNOLOGIES PVT. LTD
341,VD002426,SPHOORTI MACHINE TOOLS PVT LTD
342,VD002430,BMCHUCKS
343,VD002435,TANNA TECHBIZ LLP
344,VD002437,GODREJ AND BOYCE MFG CO LTD
345,VD002444,ARDENT ENGINEERS
346,VD002445,MUNDHRA BROTHERS
347,VD002446,SALVAGNINI MACHINERY INDIA PRIVATE LIMITED
348,VD002447,RD ENERGY SOLUTIONS
349,VD002448,CUMMINS SALES AND SERVICE PRIVATE LIMITED
350,VD002449,DATAR ENGINEERING AND CONSULTANCY PRIVATE LIMITED
351,VD002450,NIDHI STEEL TUBES
352,VD002454,JMD SOLUTION
353,VD002456,TURCK INDIA AUTOMATION PVT. LTD.
354,VD002460,D.A ENTERPRISES
355,VD002461,TIMES MARKETING PVT LTD
356,VD002465,MACFOS PVT LTD
357,VD002468,RIAT INDIA
358,VD002472,MECTRONICS MARKETING SERVICES
359,VD002483,SIDHANT ENGINEERS PVT LTD
360,VD002495,PRAJA CONTROLS & SYSTEMS PVT LTD
361,VD002501,NILKAMAL STORAGE SYSTEMS PRIVATE LIMITED-J&K
362,VD002505,DERATECH MACHINES INDIA PRIVATE LIMITED
363,VD002512,MARUTI ENGINEERS
364,VD002551,GROTECH LANDSCAPE DEVELOPERS PVT. LTD.-UP
365,VD002555,DOON PET SHOP
366,VD002563,ARC FLOW WELDER
367,VD002572,SOCIAL SEA INDIA PVT LTD
368,VD002573,AG MULLER TECHNIK PVT LTD
369,VD002579,SHIVU ENGINEERING
370,VD002588,GANGA VALLEY WATER
371,VD002589,KAASU ENTERPRISES
372,VD002592,JINDAL TRADE LINKERS PVT LTD
373,VD002593,CLASSIC OFFSET PRINTERS
374,VD002599,OM SOLUTIONS
375,VD002603,STERLING SIGN SYSTEMS
376,VD002609,NIPPON INDIA
377,VD002612,PILZ INDIA PRIVATE LIMITED
378,VD002614,ELEVATOR HUB
379,VD002626,NORD DRIVESYSTEMS PRIVATE LIMITED
380,VD002628,METAINTENT PRIVATE LIMITED
381,VD002630,H R ENGINEERING
382,VD002631,CITIZEN TRADERS
383,VD002638,VVDN TECHNOLOGIES PRIVATE LIMITED
384,VD002655,DKY ENGINEERS
385,VD002656,PRECISE  TOOLS
386,VD002677,ALLIN EXPORTERS
387,VD002678,SHREEJI VENALICIUM INDIA PVT LTD
388,VD002695,AMPS CONTROLS & AUTOMATION
389,VD002710,COATINGS & CHEMICALS
390,VD002711,QODENEXT INDIA PVT. LTD.
391,VD002728,ROOTS MULTICLEAN LTD
392,VD002730,GA CHEM & TRADERS
393,VD002736,SHARVI ELECTRONICSTECHNOLOGIES (OPC) PVT. LTD.
394,VD002737,SBD ELECTRONICS
395,VD002741,FUTURE SIMPLE SOLUTIONS
396,VD002742,JAIN TRADERS
397,VD002757,MARKEM - IMAJE INDIA PRIVATE LIMITED
398,VD002758,SHAZE LUXURY RETAIL PVT LTD.
399,VD002761,SHAKUN INTERNATIONAL
400,VD002762,BEHAL SONS
401,VD002763,MORYA SUPER SHOPPE
402,VD002773,AADVAY ENTERPRISES
403,VD002785,CLOUDTAIL INDIA PRIVATE LIMITED
404,VD002794,COMPAGE AUTOMATION SYSTEMS PVT LTD
405,VD002799,INSPIRED TECHNOLOGIES PVT LTD
406,VD002809,APPARIO RETAIL PRIVATE LTD
407,VD002813,ASTRONICS TECHNOLOGY (I) PVT LTD
408,VD002815,DOMINO PRINTECH INDIA LLP
409,VD002823,FINE TECH CONTROLS PRIVATE LIMITED
410,VD002826,FERAG INDIA PRIVATE LIMITED
411,VD002836,SR ECOMMERCE FACTORY PRIVATE LIMITED
412,VD002838,ERGODE TRADING PRIVATE LIMITED
413,VD002845,AD MAN DESIGN & PRINT
414,VD002847,SAI PARADISE MACHINE TOOLS (INDIA) PVT LTD
415,VD002849,ALTRA INDUSTRIAL MOTION INDIA PRIVATE LIMITED
416,VD002853,TECHNO EQUIPMENT SYSTEMS
417,VD002858,VIKRANT IRON PVT LTD
418,VD002864,APTECHDEALS
419,VD002869,ALIZA TRADERS
420,VD002876,RADHEY TECHNO SERVICES
421,VD002877,INTEGRATED SOLUTIONS
422,VD002878,TIGER PUG COMMERCE PRIVATE LIMITED
423,VD002880,MAXON PRECISION MOTOR INDIA PVT LTD
424,VD002887,BARCODE DELHI
425,VD002900,STAR SOLUTION AND SERVICES
426,VD002914,SUN MICRO INVIT PRIVATE LIMITED
427,VD002922,ASIAN PAINTS PPG PVT LTD FBD
428,VD002923,INDOTECH ENGINEERS
429,VD002924,VENDING UPDATES INDIA PRIVATE LIMITED
430,VD002925,GMAX ULTIMATE SOLUTIONS
431,VD002927,NEXTSTEP ENGINEERING PRIVATE LIMITED
432,VD002939,DIPLOMAT DRAWING EMPORIUM-ROORKEE
433,VD002944,IDEAL INDUSTRIES INDIA PVRIVATE LIMITED
434,VD002948,A TO Z ELECT
435,VD002966,JUST SMILE HOSPITALITY AND MANAGEMENT SERVICES-NOIDA
436,VD002969,DONALDSON INDIA FILTER SYSTEMS PVT LTD
437,VD002977,TUV SUD SOUTH ASIA PRIVATE LIMITED
438,VD002999,FORMPACK
439,VD003008,RASHI PERIPHERALS PVT LTD
440,VD003016,BINARY GLOBAL LTD
441,VD003017,GLOBAL MECHATRONICS CONTROL
442,VD003020,ALKEMEE SYSTEMS PVT. LTD.
443,VD003026,ZAARA ENTERPRISES
444,VD003027,TEXAS INSTRUMENTS (INDIA) PVT LTD
445,VD003035,SUNROM TECHNOLOGIES
446,VD003037,SPECTRUM BUSINESS ASSOCIATES
447,VD003053,LADWA SOLUTIONS INC
448,VD003063,HABASIT INDIA PRIVATE LIMITED
449,VD003064,HOFFMANN QUALITY TOOLS INDIA PVT LTD
450,VD003065,TIKMANY TELESYSTEMS PRIVATE LIMITED
451,VD003067,ICC CHEMTEC PVT LTD
452,VD003068,MOGLI LABS (INDIA) PVT LTD
453,VD003069,TANOTIS PRIVATE LIMITED
454,VD003071,ZIP TECHNOLOGIES
455,VD003084,STMSPA GREARDRIVES PVT LTD
456,VD003097,CONSTFLICK TECHNOLOGIES LIMITED
457,VD003141,SHROFF PUBLISHERS & DISTRIBUTORS PVT. LTD.
458,VD003168,SEALED AIR PACKAGING MATERIALS (INDIA) LLP
459,VD003172,RSP TECHNOLOGIES PVT LTD
460,VD003173,DULLABH COMMERCIALS
461,VD003175,SINTRIZEN TECHNOLOGIES PVT LTD
462,VD003183,SIT PTC INDIA PVT. LTD
463,VD003186,YORKS ENTERPRISES
464,VD003191,SRINATHJI ISPAT LIMITED
465,VD003193,AMX ELECTRONICS PVT LTD
466,VD003198,BEAU MONDE RETAIL INDIA PRIVATE LIMITED
467,VD003202,CRANEDGE INDIA PVT. LTD.
468,VD003205,SYSKEVASIA PVT LTD
469,VD003207,NILKAMAL STORAGE SYSTEMS P LTD
470,VD003211,COMNET VISION INDIA PVT LTD
471,VD003212,PROK DEVICES PVT LTD
472,VD003213,SHIVAM ELECTRONICS
473,VD003218,UV TECH AUTOMATION
474,VD003219,MOOG CONTROLS INDIA PRIVATE LIMITED
475,VD003242,HINDUSTAN INDUSTRIAL STEELS
476,VD003247,H. K ENTERPRISES
477,VD003249,XTRUDE INTERNATIONAL
478,VD003256,MICROMATIC MACHINE TOOLS PVT LTD
479,VD003257,DANI DATA SYSTEMS(I) PVT LTD
480,VD003262,JNS SYSTECH PVT LTD
481,VD003265,GLOBALITE SAFETY SOLUTIONS PRIVATE LIMITED
482,VD003268,BRISMEK SAFETY TECHNOLOGIES PVT LTD
483,VD003270,BVM INDIA
484,VD003271,INDIAN PRECISION ENGINEERS
485,VD003276,SPARKLING INDIA
486,VD003278,SOURCEWELL DEVICES PRIVATE LIMITED
487,VD003280,SILMAX TOOLS INDIA PRIVATE LIMITED
488,VD003285,ANIKET UDYAM
489,VD003292,ROECHLING INDUSTRIAL INDIA PVT LTD
490,VD003295,R N ENTERPRISES
491,VD003300,MOVEX  AG (INDIA) PVT LTD
492,VD003307,SYSTECH SERVICES PRIVATE LIMITED
493,VD003345,VARIETY INNOVATION VENTURE PVT LTD
494,VD003355,ASHISH UDYOG
495,VD003360,INFOPOWER TECHNOLOGIES PVT. LIMITED
496,VD003363,ENGINEERING CRAFT SOLUTION
497,VD003369,"MANGLA HOISTS PVT. LTD.,"
498,VD003370,FUCHS LUBRICANTS INDIA P LTD
499,VD003374,MCAM SURLON INDIA LTD
500,VD003388,M/S RELIABLE CONTROL SOLUTIONS PVT LTD
501,VD003390,G G ENTERPRISES
502,VD003396,ROSHAN INTERNATIONAL
503,VD003403,PROFESSIONAL KITCHEN SOLUTIONS
504,VD003409,SAPNA ENTERPRISES
505,VD003411,CURTIS INSTRUMENTS INDIA PVT LTD
506,VD003413,UNIVERSAL CORPORATION LTD.
507,VD003426,ROBOTICS EMBEDDED EDUCATION SERVICES PVT
508,VD003430,SITA DEVI
509,VD003459,INDIA LOCAL SHOP
510,VD003463,LN ENTERPRISES
511,VD003464,SANE RETAILS PRIVATE LTD.
512,VD003468,SYTCO ENGINEERS
513,VD003469,TCM EXIM PVT. LTD.
514,VD003473,LUNA TECHNOLOGIES PVT LTD
515,VD003481,EIGHT SERVICES & SOLUTIONS
516,VD003498,SHAKTI MACHINARY STORE
517,VD003500,FABHEADS AUTOMATION PVT. LTD.
518,VD003506,GREENOZ VENTILATION SYSTEM
519,VD003507,TIGER SPORTS
520,VD003513,M/S U LIKE GRAPHIC
521,VD003515,SUNPRINTS INTERNATIONAL
522,VD003521,PHILLIPS MACHINE TOOLS INDIA PVT. LTD
523,VD003526,JAIN TRANSFER PRODUCTS
524,VD003527,MOTION DRIVETRONICS PVT. LTD.
525,VD003529,GAYATRI ENTERPRISES
526,VD003532,SICA INDIA
527,VD003533,EDGE MOTION CONTROLS PVT. LTD.
528,VD003537,RITTAL INDIA PRIVATE LIMITED
529,VD003539,DAIKIN AIRCONDITIONING INDIA PRIVATE LIMITED
530,VD003540,SIEMENS LIMITED
531,VD003544,BHALLA TECHTRAN INDUSTRIES LTD
532,VD003547,UNIFIED ELECTRO TECH PRIVATE LIMITED
533,VD003551,LACHUMAL HARISHANKAR BAJAJ
534,VD003552,GIFTOPEDIA INDIA LLP
535,VD003553,SHREE ANANT ELECTRIC STORE
536,VD003555,SURLON DUREL SPRINGS PVT. LTD.
537,VD003558,RIDHAN INDUSTRIES (INDIA)
538,VD003560,TECHNOVISION ENTERPRISES
539,VD003563,M S CONSTRUCTION CO
540,VD003565,PHOENIX ENTERPRISE
541,VD003567,NRAY CORPORATE SERVICES PRIVATE LIMITED
542,VD003568,GS GUPTA SON SPORTS PVT LTD
543,VD003572,KAAPI SOLUTIONS INDIA OPC PVT LTD
544,VD003575,DAWNTECH ELECTRONICS PRIVATE LIMITED
545,VD003577,A S BEARING COMPANY
546,VD003579,PROGRESSION INFONET PRIVATE LIMITED
547,VD003581,MUHAVRA ENTERPRISES PRIVATE LIMITED
548,VD003589,PHILLIPS MACHINE TOOLS INDIA PRIVATE LIMITED-UP
549,VD003591,LORD INDIA PVT. LTD.
550,VD003594,TECHNOS INSTRUMENTS
551,VD003595,IMPRESSION
552,VD003597,ADAMS CREATION
553,VD003600,OMEX ENGINEERING PVT LTD
554,VD003606,LAXMI LAMP HOUSE
555,VD003607,STUBLI TEC SYSTEMS INDIA PVT LTD
556,VD003608,METAFOLD ENGINEERING PVT LTD
557,VD003609,SANGUINE TECH INDIA
558,VD003613,SUGI ELECTRONICS LLP
559,VD003614,TEGH CABLES PRIVATE LIMITED
560,VD003616,MARK PRECISION TOOL AND DIE
561,VD003624,AMSON INTERCONNECT PVT. LTD
562,VD003625,INDIALOCALSHOP.COM
563,VD003627,KEYENCE INDIA PRIVATE LIMITED
564,VD003629,UVENTO GENIX
565,VD003630,INDUS CORPORATION
566,VD003635,SHILKA ENTERPRISES
567,VD003648,IIE SEMICONDUCTORS PVT LTD
568,VD003649,PANASONIC LIFE SOLUTIONS INDIA PRIVATE LIMITED
569,VD003650,DEEP ENGINEERING & TRADING
570,VD003656,SATSAV1 FILLING STATION
571,VD003662,PAKATRA INDIA
572,VD003663,TANDON ELECTRONICS
573,VD003664,COCOBLU RETAIL LIMITED
574,VD003667,MOONS' INTELLIGENT MOTION SYSTEM INDIA PVT. LTD
575,VD003701,AR ELECTRICALS AND AUTOMATION SYSTEM
576,VD003703,RELIABLE AUTOMATION PVT LTD
577,VD003710,KIRLOSKAR PNEUMATIC COMPANY LIMITED
578,VD003714,A2Z PETS AND AQUARIUM
579,VD003717,CLICKTECH RETAIL PRIVATE LIMITED
580,VD003718,BHEJO ECOMMERCE PRIVATE LIMITED
581,VD003719,TAYAL ELECTRONICS
582,VD003729,RECKON  RESISTORS PVT LTD
583,VD003732,AMR ENTERPRISES
584,VD003733,PARAS ENTERPRISES
585,VD003734,ATM RETAIL
586,VD003736,AH MACHINES INDIA PVT LTD
587,VD003737,ARM STRENGTH INDUSTRIAL CO.
588,VD003738,ZEST SYSTEMS PVT.LTD.
589,VD003739,RAUNAK ELECTROVISION LLP
590,VD003740,THE IT PLANET
591,VD003742,SAFETY FIRST TRADEX PRIVATE LIMITED
592,VD003744,KEWALSON
593,VD003746,EEE INSTRUMENTS INC.
594,VD003755,COLOR PAPERS
595,VD003758,FANUC INDIA PRIVATE LIMITED
596,VD003762,DHRUV  ENTERPRISES
597,VD003767,SECTONA TECHNOLOGIES PRIVATE LIMITED
598,VD003769,ADVANTECH SOLUTIONS
599,VD003770,JAVED ALAM
600,VD003775,VINTEX RUBBER INDUSTRIES
601,VD003776,IRUS ENGINEERING PVT LTD
602,VD003780,AMETHYST IT SOLUTIONS PVT LTD
603,VD003781,NIDHI AUTO PRIVATE LIMITED
604,VD003783,HINDUSTAN ANTIBIOTICS LIMITED
605,VD003786,PATEL & CO
606,VD003787,THOUGHTSOL INFOTECH PVT LTD
607,VD003801,ROLLIFLEX CABLES PVT LTD
608,VD003806,EXICOM ENERGY SYSTEMS PRIVATE LIMITED
609,VD003807,CHAINWAY (INDIA) PRIVATE LIMITED
610,VD003809,MATERIAL MOVELL INDIA PVT LTD
611,VD003818,DELSTRA INDIA PVT LTD
612,VD003822,CLICKTECH RETAIL PRIVATE LIMITED_BG
613,VD003823,FLAMINGO HARDWARE AND TOOLS
614,VD003824,LUIS & COMPANY
615,VD003825,CLICKTECH RETAIL PRIVATE LIMITED_RJ
616,VD003826,RADHEY TECHNO SERVICES_HR
617,VD003827,ALAMDAR TOOLS CORNER
618,VD003828,COCOBLU RETAIL LIMITED-UP
619,VD003829,RPI SHOP
620,VD003830,CLICKTECH RETAIL PRIVATE LIMITED-HR
621,VD003831,SARTHAK ENTERPRISES
622,VD003832,BYTESWARE ELECTRONICS
623,VD003834,VAIBHAV ENTERPRISES
624,VD003836,STORIN ELECTRO WORLD
625,VD003837,SAITECH IT PRIVATE LIMITED_DL
626,VD003838,FORCELIFT MATERIAL MOVEMENTS
627,VD003839,VENKO GLOBAL FORWARDING PRIVATE LIMITED
628,VD003841,FEATHER LITE COLLECTIONS
629,VD003847,SLS ENGINEERS
630,VD003848,THE PERIPHERAL STORE-HR
631,VD003849,THE PERIPHERAL STORE-GJ
632,VD003850,SAITECH IT PRIVATE LIMITED_MH
633,VD003854,CLICKTECH RETAIL PRIVATE LIMITED_GJ
634,VD003855,SAN SYSTEMS & CONTROLS PVT LTD
635,VD003856,CLICKTECH RETAIL PRIVATE LIMITED_MH
636,VD003857,DOLCE FIORE
637,VD003858,KINESIS ENGINEERING & AUTOMATION SOLUTIONS
638,VD003859,PH91 CONSUMER GOODS INDIA PRIVATE LIMITED
639,VD003863,JAGDAMBA FURNITURE
640,VD003864,JUPITER CARPETS & FLOORINGS PRIVATE LIMITED
641,VD003866,KHODIYAR INDUSTRIAL PVT. LTD.
642,VD003867,M.A. ENTERPRISES
643,VD003868,EVOKE GLOBAL
644,VD003873,UTTAM ENTERPRISES
645,VD003874,CHEMETALL INDIA PRIVATE LIMITED
646,VD003878,TEKNICS INDIA
647,VD003879,NILKAMAL LIMITED
648,VD003880,CANNER ELECTRIC CONNECTIONS
649,VD003881,JAINSONS INDIA PVT. LTD.
650,VD003884,SHIVKIRAN ENTERPRISES
651,VD003885,RAMA ENTERPRISES
652,VD003886,GALAXY METALLIC FINISHERS ( A COMPLETE INDUTRIAL AUTOMTION & PROJECT SOLUTION COMPANY)
653,VD003887,A S ENTERPRISES
654,VD003895,RONICAL TECHNOLOGIES LLP
655,VD003896,BALBIR SINGH AND SONS
656,VD003897,JABRO ENGINEERS
657,VD003898,SIGMA EQUIPMENTS INDIA
658,VD003901,MEERA ENTERPRISES
659,VD003902,WORLD OF TILE
660,VD003903,GTS FACILITY MANAGEMENT SERVICES PRIVATE LIMITED
661,VD003904,TRIZ AUTOMATIONS AND ROBOTICS PVT LTD
662,VD003906,ATLANTIS ERUDITION & TRAVEL SERVICE PVT. LTD
663,VD003907,CORPORATE TELESYSTEMS PRIVATE LIMITED
664,VD003908,GODAVARITECH INDUSTRIAL SOLUTIONS PRIVATE LIMITED
665,VD003909,LPS BOSSARD PRIVATE LIMITED
666,VD003910,K.Y. HARDWARE AND ELECTRICALS
667,VD003916,ILG INFOSYSTEMS
668,VD003918,SEALED ENERGY SYSTEMS
669,VD003919,VIJUTECH PRODUCTS
670,VD003921,ADVANCE ENGINEERING CO.
671,VD003922,KARDEX INDIA PRIVATE LIMITED
672,VD003924,POWERCAM ELECTRICALS PVT LTD
673,VD003926,INDIAN TECHNOLOGICAL PRODUCTS PRIVATE LIMITED
674,VD003927,EXTREME METAL INDUSTRIES
675,VD003930,POLY WELD PRIVATE LIMITED
676,VD003932,TUBE INVESTMENTS OF INDIA LIMITED
677,VD003933,FERROUS AUTOMATIONS PVT LTD
678,VD003934,CAMSOL ENGINEERING SOLUTION
679,VD003935,LANCER TOOLS PRIVATE LIMITED
680,VD003937,NEXUG INDUSTRIES PRIVATE LIMITED
681,VD003939,ADARSH CNC SERVICES
682,VD003940,NETWORK ELECTRONICS
683,VD003941,ECOBOARD INDUSTRIES LIMITED
684,VD003943,HMB ENGINEERING
685,VD003949,SEW EURODRIVE INDIA P LTD
686,VD003951,OBJECTIFY TECHNOLOGIES PVT LTD
687,VD003963,RELIANCE RETAIL LIMITED
688,VD003964,KMG PERIPHERALS
689,VD003965,ANYTHING MAC PRIVATE LIMITED
690,VD003967,APL APOLLO TUBES LIMITED
691,VD003968,CHAMPION COMPONENTS PVT LTD
692,VD003970,TRICOLITE ELECTRICAL INDUSTRIES LTD
693,VD003971,FLOWLYF INDIA PRIVATE LIMITED
694,VD003972,RADHEY SHYAM & SONS
695,VD003973,BODOR LASER INDIA PRIVATE LIMITED
696,VD003974,3D TECHNOLOGIES
697,VD003975,WELL MECH ENTERPRISES
698,VD003976,LENZE MECHATRONICS PRIVATE LIMITED
699,VD003977,NUTRITAP TECHNOLOGIES PRIVATE LIMITED
700,VD003979,MARATHON HEATER  (I) PVT. LTD
701,VD003980,LEE SPRING COMPANY INDIA PVT. LTD.
702,VD003981,ELECTRICAL CONTROL SYSTEMS PVT. LTD.
703,VD003983,DURGESH INDUSTRIES
704,VD003984,KUKA INDIA PRIVATE LIMITED
705,VD003986,ZERO WASTE INFRATECH
706,VD003988,PRODUCTS AND SOLUTIONS
707,VD003989,ZYLOG ELASTOCOMP LLP
708,VD003990,AUY INFOTECH PVT LTD
709,VD003991,PL HARNESS SOLUTION
710,VD003992,LEI INDIA PVT LTD
711,VD003995,RPL AUTOMATION PVT. LTD.
712,VD003997,AMADA (INDIA) PRIVATE LIMITED
713,VD003998,SHARPEDGE TOOLS TECHNOLOGY PRIVATE LIMITED
714,VD004000,BENTEK AUTOMATION PRIVATE LIMITED
715,VD004002,ARYAN CONTROL SYSTEM
716,VD004005,STERLING COMPONENTS INDIA PRIVATE LIMITED
717,VD004009,AXIS ELECTRONICS
718,VD004010,A-SKY INSTRUMENTS
719,VD004011,KENZO NUTRICO PRIVATE LIMITED
720,VD004012,K2 ENGINEERS
721,VD004013,SHRI SHYAM ENTERPRISES
722,VD004014,DEPAAM SALES & SERVICES
723,VD004016,SALONI ENTERPRISES
724,VD004020,RAJDEEP AUTOMATION PVT. LTD.
725,VD004021,GARLOCK INDIA PRIVATE LIMITED
726,VD004026,TECHROBOTICS AUTOMATION & SOLUTIONS
727,VD004027,AKG GLOBAL SOLUTIONS
728,VD004029,ECHO TECHNOLOGIES
729,VD004030,HICOTRONICS DEVICES PVT LTD
730,VD004032,SHIVA ENTERPRISES
731,VD004034,BP TECHLASER
732,VD004035,FUTURE INDUSTRIES PRIVATE LIMITED
733,VD004037,ALPHA OVERSEAS
734,VD004040,AVON HOSPITALITY SOLUTIONS
735,VD004043,TREEZY CARBON SINK PRIVATE LIMITED
736,VD004044,USHA ARMOUR PRIVATE LIMITED
737,VD004045,SHARMA ENTERPRISES
738,VD004048,SCH COATING SOLUTIONS PVT LTD
739,VD004050,ECS CORPORATION
740,VD004051,NORD-LOCK INDIA PVT. LTD.
741,VD004052,CONTITECH INDIA PRIVATE LIMITED
742,VD004056,RSE TECHNOLOGY PVT LTD
743,VD004057,AVANTI BUSINESS MACHINES LIMITED
744,VD004060,TECHVOS INDIA
745,VD004066,ULTRAPLAST CHAINBELTS PVT LTD.
746,VD004068,SUPERWELD TECHNOLOGIES
747,VD004069,ANY PACKAGING
748,VD004072,CLASSIC AUTOMATION
749,VD004073,KANBE WATERTECH PRIVATE LIMITED
750,VD004074,OGOENERGY INDIA PRIVATE LIMITED
751,VD004075,24 STEEL IMPRESSIONS PRIVATE LIMITED
752,VD004078,INTSYS TECHNOLOGIES PVT LTD
753,VD004084,AXIS SOLUTIONS PVT. LTD.
754,VD004085,FICUS PAX PRIVATE LIMITED
755,VD004087,PRAZAMANA
756,VD004091,SMISEN CONTROLS PVT. LTD.
757,VD004092,GROMAX TECHNOLOGIES PRIVATE LIMITED
758,VD004093,FAIRDEAL TECHNOLOGIES PRIVATE LIMITED
759,VD004098,SUDDH NEER MINERAL WATER
760,VD004099,MOTHERSON SUMI WIRING INDIA LIMITED
761,VD004102,DHAKSHU LUXURY ARTS
762,VD004103,R S ENGINEERS & CONSULTANTS
763,VD004105,JAY SEWING MACHINE CO
764,VD004107,STALLION ONEBYTE PRIVATE LIMITED
765,VD004108,SUPREME PLASTIC
766,VD004109,RAPID ENGINEERING COMPANY PRIVATE LIMITED
767,VD004111,KEE SAFETY SYSTEMS AND SERVICES INDIA PRIVATE LIMITED
768,VD004112,INOVANCE TECHNOLOGY PRIVATE LIMITED
769,VD004115,RM KITCHEN EQUIPMENTS PVT. LTD.
770,VD004116,INDER ENTERPRISES
771,VD004117,HK WENTWORTH (INDIA) PRIVATE LIMITED
772,VD004118,VDART ENGINEERS
773,VD004119,BHAGWATI TOOLS PRIVATE LIMITED
774,VD004122,CHANDRA ENTERPRISES
775,VD004126,TECH MAC AUTOMATION
776,VD004128,M/S BIKANERVALA NOIDA
777,VD004129,SAHARA TRANSFORMERS
778,VD004134,MASKO TECH ENGINEERS
779,VD004135,PRESTO STANTEST PRIVATE LIMITED
780,VD004136,WISDOM MARKETING & SERVICES
781,VD004137,KCL LIMITED
782,VD004138,POWERON ENGINEERS
783,VD004145,UCHI EMBEDDED SOLUTIONS
784,VD004146,RSIT INFOTECH SOLUTION
785,VD004147,ONEDECK TECHNOLOGY PRIVATE LIMITED
786,VD004148,VALUE ADDED COATING SOLUTION PRIVATE LIMITED
787,VD004151,HP ENTERPRISES (BOUNTY BOX)
788,VD004153,DISA INDIA LIMITED
789,VD004154,AAA PRODUCTS PRIVATE LIMITED
790,VD004155,SONIA ELECTRICALS
791,VD004156,NXM INDIA PRIVATE LIMITED
792,VD004158,TRI-WALL PAK PRIVATE LIMITED
793,VD004159,SN MACHINERY & TOOLS
794,VD004160,QUADRY SALES & SERVICES PRIVATE LIMITED
795,VD004161,AUTOMATION ENGINEERS A.B. PVT. LTD.
796,VD004169,SMART SOLUTIONS
797,VD004171,IGLOBAL EMBEDDED SOLUTIONS
798,VD004172,MORS ENGINEERING
799,VD004173,J.S ENTERPRISES
800,VD004174,SIR TECH LINE
801,VD004178,BEST ENTERTAINMENT PRIVATE LIMITED
802,VD004182,LUBI ELECTRONICS
803,VD004187,ENER INDUSTRIES PRIVATE LIMITED
804,VD004190,ORBITAL MEKATRONIK SYSTEMS PVT LTD
805,VD004193,ENTES ENERGY MANAGEMENT SYSTEMS PRIVATE LIMITED
806,VD004194,RACKNSELL ONLINE SERVICE PRIVATE LIMITED
807,VD004198,ARROW ELECTRONICS INDIA PRIVATE LIMITED
808,VD004200,AKG ENTERPRISES
809,VD004202,S S ELECTRONICS
810,VD004208,PARKASH  MACHINERY  COMPANY
811,VD004209,PYRAMID CONTROL SYSTEM PVT LTD
812,VD004211,COGNEX SENSORS INDIA PRIVATE LIMITED
813,VD004212,ASIM NAVIGATION INDIA PVT LTD
814,VD004215,ENAPROS RESISTORS PRIVATE LIMITED
815,VD004223,NOVATEUR ELECTRICAL & DIGITAL SYSTEMS PRIVATE LIMITED
816,VD004226,MB ENTERPRISE
817,VD004229,NOVATRIX DESIGNS PRIVATE LIMITED
818,VD004230,AMIT MOTORS & MACHINERY STORE
819,VD004232,ABHISHEK ELECTRICALS
820,VD004233,NEETA ENTERPRISES
821,VD004235,CRESCENT TECHNO SOLUTIONS PRIVATE LIMITED
822,VD004236,RENGERSOL PRIVATE LIMITED
823,VD004237,STACKWELL INDIA SOULTIONS
824,VD004238,SVML PNEUMATIC PRIVATE LIMITED
825,VD004239,BLUEAIR TECHNOLOGIES PRIVATE LIMITED
826,VD004240,MILLENNIUM SEMI CONDUCTORS INDIA PVT LTD.
827,VD004241,PYROTECH ELECTRONICS PVT. LTD.
828,VD004242,KAVITSU ROBOTRONIX PVT LTD
829,VD004243,CHAUDHARY AUTOMATION
830,VD004245,GANPATI ENTERPRISES
831,VD004246,PIONEER ENGINEERS
832,VD004247,PSI SAFETY SOLUTIONS PRIVATE LIMITED
833,VD004254,ROYAL PLASTOCRAFT PVT. LTD.
834,VD004256,"WISE ENERGY TECHNOLOGIES (ZHUHAI) CO., LTD."
835,VD004260,NATASHA ENTERPRISES
836,VD004261,GREEN ADMIRE CONSULTANCY & ENGINEERS
837,VD004262,SWASTIK INFOTECH
838,VD004268,TECHSB INDIA PVT LTD
839,VD004278,RECKERS AUTOMATION INDIA PVT. LTD.
840,VD004279,PIONEER INDUSTRIAL SOLUTIONS
841,VD004280,RAJPRIYA INSTRUMENTS & CONTROLS
842,VD004281,NEW INDIA SCALES ENTERPRISES
843,VD004282,PAWANPUTRA ENGINEERS
844,VD004284,HYTEK GRANT INSTRUMENTS
845,VD004285,M/S MND AUTO INDUSTRIES
846,VD004286,PERFICENT METAL KRAFT LLP
847,VD004289,IMTRONICS TECHNOLOGY
848,VD004291,M.K. ENGINEERS & CONTROS PVT. LTD.
849,VD004292,WAYONA CORPORATION
850,VD004294,GAINWELL COMMOSALES PRIVATE LIMITED
851,VD004296,KIDER INDIA PRIVATE LIMITED
852,VD004298,PRECIOUS ELECTRONICS PVT. LTD.
853,VD004299,EMBEDDED DIGITAL SOLUTION INDIA P LTD
854,VD004301,ACE PRODUCTS
855,VD004303,PRECISION BEARING HOUSE
856,VD004304,DHANLAXMI STEEL DISTRIBUTORS
857,VD004305,SUPER CASTORS (INDIA)
858,VD004306,FCG POWER INDUSTRIES PVT LTD
859,VD004309,HNP ENGINEERS INDIA PRIVATE LIMITED
860,VD004310,"PLM INDISHTECH PVT LTD.,"
861,VD004313,JAI DEVA OIL CO.
862,VD004314,KNBT PRIVATE LIMITED
863,VD004315,PRAZAMANA SAFETIC LLP
864,VD004323,KEITH ELECTRONICS PRIVATE LIMTED
865,VD004327,SCIENCE
866,VD004328,DIGILAB INDIA
867,VD004329,DK TOOLING AND INDUSTRIAL SOLUTION
868,VD004330,GLOBETEK INDIA PRIVATE LIMITED
869,VD004334,TR FORMAC FASTENINGS PRIVATE LIMITED
870,VD004335,LRS SERVICES PRIVATE LIMITED
871,VD004336,ASTA TECHNOLOGIES
872,VD004337,SANHIT AUTOMATION TECHNOLOGIES PVT LTD
873,VD004346,ZYLOG COMPOSITES
874,VD004352,KENNEN AUTOMATION SOLUTIONS PVT LTD
875,VD004353,QWIK SUPPLY CHAIN P.LTD
876,VD004357,POLYMAX ELASTOMERS PRIVATE LIMITED
877,VD004358,FAYTECH PVT LTD.
878,VF000207,ROBOTEQ INC.
879,VF000300,"KYOWA MANUFACTURING CO., LTD"
880,VF000301,"ZHEJIANG DAMON INDUSTRIAL EQUIPMENT CO.,LTD."
881,VF000333,ITOH DENKI ASIA LIMITED
882,VF000358,ARROW ELECTRONICS ASIA (S) PTE. LTD.
883,VF000363,DIGI-KEY ELECTRONICS.
884,VF000366,MOUSER ELECTRONICS
885,VF000734,COGNEX IRELAND LTD
886,VF000740,AMBAFLEX ASIA PACIFIC BV
887,VF000774,QIMAROX B.V
888,VF000784,HEILIND ASIA PACIFIC (SG) PTE LTD
889,VF000808,ARROW ELECTRONICS INC.
890,VF000811,BEIJING BOSHENGWEI TECHNOLOGY CO LTD
891,VF000863,BANGGOOD TECHNOLOGY CO LIMITED
892,VF001013,SHENMAI ELE CO LTD
893,VF001100,KINCO ELECTRICSHENZHENLTD.
894,VF001176,DFROBOT (ZHIWEI.ROBOTICS CORP.)
895,VF001487,DUNKERMOTOREN GMBH
896,VF001608,SHENZHEN KNOWNPCB TECHNOLOGY CO. LTD.
897,VF001636,"HUBEI KOFON TRANSMISSION EQUIPMENT CO., LTD"
898,VF001670,JINAN USR IOT TECHNOLOGY LIMITED
899,VF001684,ELMO MOTION CONTROL LTD.
900,VF001688,"DMKE MOTOR(GUANGZHOU)INDUSTRIAL CO.,LIMITED"
901,VF001734,"BENEWAKE (BEIJING) CO., LTD."
902,VF001812,LORD CORPORATION
903,VF001836,DURA-BELT INC.
904,VF001874,MIAS MATERIALS HANDLING (KUNSHAN) CO. LTD.
905,VF001882,"HEFEI HUANKE ELECTRIC VEHICLE PARTS CO.,LTD."
906,VF001895,TECNOSTAMP S.R.L.
907,VF001912,"SYSTEM LOGISTICS ASIA CO., LTD."
908,VF001968,DAMBACH LAGERSYSTEME GMBH & CO. KG
909,VF001969,"CHINA TRANS-TECH (SHANGHAI) CO., LIMITED"
910,VF001976,APOLLO VTS ASIA LTD.
911,VF002005,EXCELPOINT SYSTEMS (PTE) LTD
912,VF002043,TEXAS INSTRUMENTS SOUTHEAST ASIA PTE. LTD.
913,VF002247,TEXAS INSTRUMENTS NA (EF)
914,VF002250,HYTROL CONVEYOR COPMANY
915,VF002274,"APLICACIONES ELECTROMECANICAS GERVALL, S.A"
916,VF002305,AETNA GROUP SPA
917,VF002332,FLOWSORT
918,VF002363,ITALSEA
919,VF002390,HOSODA (HONG KONG) LIMITED
920,VF002552,DESERT CART
921,VF002574,MICROCHIP TECHNOLOGY IRELAND LTD.
922,VF002690,SB COMPONENTS LTD
923,VF002784,PBT-AG
924,VF002822,"WUXI SAIBO INDUSTRY CO.,LTD"
925,VF002996,FUTURE ELECTRONICS INC. (DISTRIBUTION) PTE LTD
926,VF003032,"ZHEJIANG TONGZHU TECHNOLOGY CO.,L"
927,VF003039,AMEYA HOLDING LTD
928,VF003085,SHENZHEN EFFON LTD
929,VF003119,"ITOH DENKI CO., LTD."
930,VF003145,MOBOTIC GMBH
931,VF003150,DORIAN'S DAY
932,VF003151,AMAZON EXPORT SALES LLC
933,VF003152,SUPERBOOKDEALS
934,VF003196,S.P.E. ELETTRONICA INDUSTRIALE DI POLETTI SERGIO
935,VF003235,CORETRONIC CORPORATION
936,VF003236,MAXBOTIX INC.
937,VF003250,TQ-SYSTEMS GMBH
938,VF003267,"SHENZHEN WELLWIT ROBOTICS CO.,LTD."
939,VF003298,IKON ELECTRONICS LIMITED
940,VF003315,"ZHEJIANG QIYUE MECHANICAL TECHNOLOGY CO.,LTD."
941,VF003316,"SHENZHEN FEETECH RC MODEL CO.,LTD."
942,VF003375,FOSHAN KINETEK COMMERCIAL TRADING COMPANY LIMITED
943,VF003376,"AEGIS ENERGIES, INC."
944,VF003382,"ZHEJIANG HUARAY TECHNOLOGY CO., LTD"
945,VF003406,GETFPV
946,VF003436,SHENZHEN KNOWNPCB TECHNOLOGY COMPANY LIMITED
947,VF003437,METALROTA S.R.L
948,VF003471,"T-STAR COMPOSITES.,LTD"
949,VF003489,SIR SOCIET ITALIANA RIDUTTORI SRL
950,VF003491,AMER SPA
951,VF003493,SYNAPTICON
952,VF003501,"SHANGHAI QUISURE INFO-TECH CO.,LTD"
953,VF003504,WABTEC NETHERLANDS B.V.
954,VF003516,"JIANGXI XINTUOENTERPRISECO.,LTD"
955,VF003520,ELMEQ A/S.
956,VF003522,"BENEWAKE(BEIJING)TRADING CO., LTD"
957,VF003535,"FLEXFIRE LEDS, INC."
958,VF003549,MOVELLA TECHNOLOGIES B.V
959,VF003582,NOVANTA CORPORATION
960,VF003588,"HONGKONG FEETECH RC MODEL CO.,LIMITED"
961,VF003615,SECO S.P.A.
962,VF003621,"DONGGUAN WILTSON NEW ENERGY TECHNOLOGY CO.,LTD."
963,VF003633,"HANGZHOU YUSHU TECHNOLOGY CO.,LTD"
964,VF003643,NEXCOMM ASIA PTE. LTD.
965,VF003659,SAMTEC ASIA PACIFIC PTE LTD
966,VF003660,"WANGMAN INTELLIGENT EQUIPMENT(SHANGHAI) CO., LTD"
967,VF003665,NITROUS HAUL INC
968,VF003698,POWERFIRST TECHNOLOGY COMPANY LIMITED
969,VF003700,"HIGO TECHNOLOGY (SUZHOU) CO.,LTD"
970,VF003711,"XI'AN  ESM TECH  CO.,LTD"
971,VF003735,AB&T S.R.L
972,VF003760,MOVELLA TECHNOLOGIES B V
973,VF003765,"DONGGUAN POWERLONG BATTERY TECHNOLOGY CO., LTD"
974,VF003778,"ELF TECHNOLOGIES CO.,LTD."
975,VF003779,MIKROELECTRONIKA
976,VF010001,STXI MOTION LTD.
977,VF010002,MOUSER  ELECTRONICS
978,VF010003,E-TECH RESOURCES PTE. LTD
979,VF010004,LINAK A/S (DENMARK)
980,VF010005,"WINFORD ENGINEERING, LLC"
981,VF010007,SHENZHEN LCSC ELECTRONICS TECH
982,VF010009,DIGI-KEY ELECTRONICS..
983,VF010012,"LEISHEN INTELLIGENT SYSTEM CO., LT"
984,VF010014,SMC POWER LTD
985,VF010016,LEBEN-DMPFUNGSTECHNIK GMBH
986,VF010017,ADVANTECH
987,VF010019,SERVOSILA FZCO
988,VF010020,COBIANCHI LIFTTEILE AG
989,VF010021,MOLEX
990,VF010022,WAVESHARE ELECTRONICS
991,VF010023,ATTEND TECHNOLOGY INC.
992,VF010024,ING.G.SCHLOSSER GMBH
993,VF010025,HONG KONG PIESIA ELECTRONICLIMITED
994,VF010026,XI'AN ESM TECH CO LTD
995,VF010027,RRC POWER SOLUTIONS GMBH
996,VF010028,HUARAY TECHNOLOGY SINGAPORE PTE. LTD.
997,VF010029,G-DOK INDUSTRIES
998,VF010030,"SHENZHEN BODEN TECHNOLOGY DEVELOPMENT CO., LTD."
999,VF010031,AUTOMATIONWARE SRL
1000,VF010032,"SHANGHAI C&U INTERNATIONAL TRADE CO.,LTD."
1001,VF010033,"NIDEC MOTION & CONTROL (GUANGDONG) CO., LTD"
1002,VF010034,"CATTLE EYE INTELLIGENT LOGISTICS EQUIPMENT (SUZHOU) CO.,LTD"
1003,VF010035,"VANJEE INTERNATIONAL (HONG KONG) HOLDINGS CO., LIMITED"
1004,VF010036,"DYNATECH, DYNAMICS & TECHNOLOGY, S.L.U."
1005,VF010037,DIANYINGPU (HK) TECHNOLOGY CO LTD
1006,VF010038,"VINATECH CO., LTD"
1007,VF010039,SMCORE INC.
1008,VF010042,"ZHEJIANG LAIFUAL DRIVE CO.,LTD."
1009,VF010043,DELTA ELECTRONICS INT'L (SINGAPORE) PTE. LTD.
1010,VF010044,TCE GROUP SRL
1011,VF010045,"ZHEJIANG GEYA ELECTRICAL CO., LTD."
1012,VF010047,SOFFA INDUSTRIES INC. DBA RK CONTROLS
1013,VF010049,"JIANGSU VIBO HYDRAULICSJOINT STOCK CO.,LTD"
1014,VF010051,"FORSENTEK CO., LIMITED"
1015,VF010052,"ROBOTIS CO., LTD."
1016,VF010053,SYNCHROTECH ANTRIEBSTECHNIK GMBH
1017,VF010054,"SICHUAN ODOT AUTOMATION SYSTEM CO., LTD"
1018,VF010055,"NEXCOBOT TAIWAN CO., LTD."
1019,VF010057,"ZHEJIANG CSB PLASTIC BEARING TECHNOLOGY CO., LTD."
1020,VF010058,"CHANGZHOU TESTER ELECTRONIC TECHNOLOGY CO.,LTD"
1021,VF010061,TEXAS INSTRUMENTS ASIA LIMITED
1022,VF010062,WORTON ENTERPRIES LTD.
1023,VF010063,SHENZHEN SWELL TECHNOLOGY COMPANY LIMITED
1024,VF010064,"FENNER,INC"
1025,VF010065,"NINGBO VICHNET TECHNOLOGY CO., LTD"
1026,VF010066,"DAIION TECHNOLOGY(TAIZHOU) CO., LTD."
1027,VF010067,"ANHUI HELI INDUSTRIAL VEHICLE IMP & EXP CO. ,LTD"
1028,VF010069,"LEETOP  TECH  CO,.LTD"
1029,VF010071,"JIANGSHAN UNIBEAR INDUSTRIAL CO., LTD"
1030,VF010072,DAYGREEN LIMITED
1031,VF010073,KINCO SCIENTIFIC LIMITED
1032,VF010074,"SHENZHEN LINKO ELECTRIC CO., LTD."
1033,VF010075,NEDCON USA LLC
1034,VF010077,DSI TEC PTY LTD
1035,VF010078,"TIANJIN ELCO AUTOMATION CO.,LTD."
1036,VF010079,"QINGDAO HONEST EDRIVE EQUIPMENT CO.,LTD"
1037,VF010081,CALJAN A/S
1038,VF010083,"AUSPICIOUS ELECTRICAL ENGINEERING CO., LTD."
1039,VF010084,"HANGZHOU KAIGE NEW ENERGY TECHNOLOGY CO.,LTD."
1040,VF010085,"XIAMEN IMT TECHNOLOGY CO.,LTD"
1041,VF010086,"LEADSHINE TECHNOLOGY CO., LTD"
1042,VLC002024,KIRBY BUILDING SYSTEMS & STRUCTURES INDIA (GUJARAT) PVT. LTD.
1043,VLC002025,TOSHIBA INDIA PVT LTD
1044,VO000001,WADERS POWER CONTROL
1045,VO000031,BHAGIRATH HIMMATBHAI SORATHIYA
1046,VO000034,"TEKNIC, INC."
1047,VO000035,"BAODING FORLINX EMBEDDED TECH. CO., LTD"
1048,VO000036,VRCT
1049,VO000037,ANJALI
1050,VO000038,COCOBLU RETAIL LIMITED - HR
1051,VO000039,KVS ENTERPRISES
1052,VO000040,BUYYART ENTERPRISES
1053,VO000041,ROBO INDIA ROBOTICS PRIVATE LIMITED
1054,VO000042,MACFOS LIMITED
1055,VO000044,THE UNIVERSAL SHOP
1056,VO000046,NEXT LOGISTICS SERVICES & SOLUTIONS
1057,VO000047,K T AUTOMATION (INDIA)
1058,VO000048,IT SERVE GLOBAL
1059,VO000049,PL ROBOTICS
1060,VO000050,FAIRDEAL AGENCIES PRIVATE LIMITED
1061,VO000052,APPARIO RETAIL PRIVATE LTD-MP
1062,VO000053,BAYARI VENTURES PRIVATE LIMITED
1063,VO000054,HARITESH TRADERS
1064,VO000055,FUTURE SHOP
1065,VO000056,RAKESH ELECTRICAL
1066,VO000057,SMART TRADERS
1067,VO000058,SUNROBOTICS TECHNOLOGIES
1068,VO000059,SKYKING INSTRUMENTS
1069,VO000060,SAMANDAR E COMMERCE
1070,VO000061,MX-MDR TECHNOLOGIES LIMITED
1071,VO000062,COMPU WORLD
1072,VO000063,BLUMAPLE LLP
1073,VO000064,KANKEI RELATIONSHIP MARKETING SERVICES PRIVATE
1074,VO000065,PERFECT SALES INDIA
1075,VO000066,YUGADI ELECTRONICS
1076,VO000067,CLICKTECH RETAIL PRIVATE LIMITED-TN
1077,VO000068,ELEMESH TECH SOLUTIONS PVT. LTD
1078,VO000069,SAI RAM TRADERS
1079,VO000070,MY TRIDEV TRADERS
1080,VO000071,KAMAL AND SONS HUF
1081,VO000072,GIRIRAJJI COLLECTIONS
1082,VO000073,RAJ BALI
1083,VO000074,VINEET ELECTRIC COMPANY
1084,VO000075,ICONIC INC
1085,VO000076,SPECTRA CONNECTRONICS LLP
1086,VO000077,REVA ELECTRONICS
1087,VO000079,RAJASTHALI
1088,VO000080,GOODWIIL TECH
1089,VO000081,NIGHT HAWK
1090,VO000082,INDIAN E FASHION
1091,VO000083,SAITECH IT PRIVATE LIMITED_KR
1092,VO000085,THINKROBOTICS
1093,VO000086,TOMAZ INTERNATIONAL COMPANY LTD
1094,VO000091,CIGFIL RETAIL PRIVATE LIMITED
1095,VO000092,RETAILEZ PRIVATE LIMITED
1096,VO000093,NIKHIL GOYAL
1097,VO000094,NILKAMAL LIMITED
1098,VO000095,BAR CODE INDIA LIMITED
1099,VO000096,THINKCORE SYSTEMS PTY LTD
1100,VO000097,KAVITA
1101,VO000098,KAVITA CORPORATION
1102,VO000099,SIDDHI VINAYAK TRADERS
1103,VO000101,DIGI-KEY ELECTRONICS..
1104,VO000102,VIGILANT IT SOLUTIONS
1105,VO000103,ROBOTISM COMPONENTS
1106,VO000104,ASTRADER
1107,VO000105,"MAGENGINE CO.,LTD"
1108,VO000106,VAJRAVEGHA MOBILITY PRIVATE LIMITED
1109,VO000108,KRISHNA SMART TECHNOLOGY
1110,VO000109,ART IFACT
1111,VO000110,GODAVARI TEXTILE
1112,VO000111,SVR SOLUTIONS
1113,VO000112,CLEAR DESIGN
1114,VO000113,RAMDAS M. NATHDWARAWALA
1115,VO000114,"AMPRO ADLINK TECHNOLOGY, INC"
1116,VO000115,THOMANN GMBH
1117,VO000116,MODERN GLASS & ALUMINIUM
1118,VO000117,HARI OM HARDWARE SANITORY STORE
1119,VO000118,CIRCUITECH SOLUTIONS PRIVATE LTD
1120,VO000119,CROSSX STORE
1121,VO000120,SPINCART
1122,VO000121,"SHENZHEN RF-STAR TECHNOLOGY CO.,"
1123,VO000122,DIGIODE<TRADEMARK> LIMITED LIABILITY COMPANY
1124,VO000123,ONLINE ADDA
1125,VO000124,QUARTZ COMPONENTS
1126,VO000125,WADHWA TRADING COMPANY
1127,VO000126,FLYROBO TECHNOLOGIES
1128,VO000127,CLICKTECH RETAIL PRIVATE LIMITED-HYD
1129,VO000128,JIPVI ECOMMERCE PRIVATE LIMITED
1130,VO000129,ROBOMART. COM
1131,VRD000116,RELIANCE RETAIL LIMITED - NOIDA
1132,VRD010001,ADDVERB TECHNOLOGIES LIMITED
